sequence_id,backbone_key,target_id,temperature,backbone_source,soluprot,global_score,plddt,rmsd,status,error
1af7A01|target|target|T0.05|0,1af7A01|target|target,1af7A01,0.05,target,0.8153211183162382,0.8586,94.28266423357664,3.0245,ok,
1af7A01|target|target|T0.05|1,1af7A01|target|target,1af7A01,0.05,target,0.8159796498626624,0.888,93.46010948905109,1.3878,ok,
1af7A01|target|target|T0.05|2,1af7A01|target|target,1af7A01,0.05,target,0.7710342884129364,0.8657,93.5121897810219,1.8333,ok,
1af7A01|target|target|T0.05|3,1af7A01|target|target,1af7A01,0.05,target,0.7600304969372743,0.8596,94.22919708029197,1.7678,ok,
1af7A01|target|target|T0.05|4,1af7A01|target|target,1af7A01,0.05,target,0.8078435289812191,0.8528,93.0792700729927,1.9143,ok,
1af7A01|target|target|T0.05|5,1af7A01|target|target,1af7A01,0.05,target,0.7716779590768801,0.8936,94.314598540146,1.5632,ok,
1af7A01|target|target|T0.05|6,1af7A01|target|target,1af7A01,0.05,target,0.828147502372364,0.8709,93.92383211678832,1.6632,ok,
1af7A01|target|target|T0.05|7,1af7A01|target|target,1af7A01,0.05,target,0.8138880501663833,0.8569,93.43569343065694,1.3865,ok,
1af7A01|target|target|T0.1|0,1af7A01|target|target,1af7A01,0.1,target,0.7375239429618133,0.8833,92.97846715328467,2.4304,ok,
1af7A01|target|target|T0.1|1,1af7A01|target|target,1af7A01,0.1,target,0.753175449314147,0.8518,92.43583941605839,1.3557,ok,
1af7A01|target|target|T0.1|2,1af7A01|target|target,1af7A01,0.1,target,0.7879647347972651,0.8761,93.9955109489051,1.4295,ok,
1af7A01|target|target|T0.1|3,1af7A01|target|target,1af7A01,0.1,target,0.8314463122869844,0.8425,93.34682481751824,2.8446,ok,
1af7A01|target|target|T0.1|4,1af7A01|target|target,1af7A01,0.1,target,0.776907918447593,0.871,94.12153284671533,1.9928,ok,
1af7A01|target|target|T0.1|5,1af7A01|target|target,1af7A01,0.1,target,0.7804302092169828,0.8581,93.70321167883212,1.3593,ok,
1af7A01|target|target|T0.1|6,1af7A01|target|target,1af7A01,0.1,target,0.6990183590435081,0.8755,93.29817518248176,1.5026,ok,
1af7A01|target|target|T0.1|7,1af7A01|target|target,1af7A01,0.1,target,0.7655771844043541,0.8873,92.63178832116789,1.2573,ok,
1af7A01|target|target|T0.2|0,1af7A01|target|target,1af7A01,0.2,target,0.836698911005716,0.9047,93.75065693430658,2.4819,ok,
1af7A01|target|target|T0.2|1,1af7A01|target|target,1af7A01,0.2,target,0.782921555467845,0.8958,93.7836496350365,1.2321,ok,
1af7A01|target|target|T0.2|2,1af7A01|target|target,1af7A01,0.2,target,0.7657081581032819,0.896,93.49824817518248,1.6515,ok,
1af7A01|target|target|T0.2|3,1af7A01|target|target,1af7A01,0.2,target,0.7516797716062479,0.8954,93.98861313868613,1.4523,ok,
1af7A01|target|target|T0.2|4,1af7A01|target|target,1af7A01,0.2,target,0.7857612665036341,0.9309,93.58383211678833,1.6767,ok,
1af7A01|target|target|T0.2|5,1af7A01|target|target,1af7A01,0.2,target,0.7737291337493541,0.8912,93.31835766423357,2.4303,ok,
1af7A01|target|target|T0.2|6,1af7A01|target|target,1af7A01,0.2,target,0.7524963474263707,0.8674,93.84463503649636,1.8415,ok,
1af7A01|target|target|T0.2|7,1af7A01|target|target,1af7A01,0.2,target,0.787354326395954,0.8787,94.04310218978102,2.1135,ok,
1af7A01|target|target|T0.3|0,1af7A01|target|target,1af7A01,0.3,target,0.7215406819360646,0.9763,93.93810218978102,1.4585,ok,
1af7A01|target|target|T0.3|1,1af7A01|target|target,1af7A01,0.3,target,0.771420643803688,0.9352,94.40419708029196,2.3715,ok,
1af7A01|target|target|T0.3|2,1af7A01|target|target,1af7A01,0.3,target,0.7782964603098664,1.0006,94.63445255474453,2.799,ok,
1af7A01|target|target|T0.3|3,1af7A01|target|target,1af7A01,0.3,target,0.7747498197240417,0.9483,93.94175182481752,2.1719,ok,
1af7A01|target|target|T0.3|4,1af7A01|target|target,1af7A01,0.3,target,0.6979422730814123,0.9769,93.65481751824817,1.4868,ok,
1af7A01|target|target|T0.3|5,1af7A01|target|target,1af7A01,0.3,target,0.7299664876688428,0.9623,90.85839416058394,1.6998,ok,
1af7A01|target|target|T0.3|6,1af7A01|target|target,1af7A01,0.3,target,0.6996322841851602,0.9495,92.83992700729927,2.4063,ok,
1af7A01|target|target|T0.3|7,1af7A01|target|target,1af7A01,0.3,target,0.773856898260811,0.9508,93.50813868613139,1.8754,ok,
1b5aA00|target|target|T0.05|0,1b5aA00|target|target,1b5aA00,0.05,target,0.8874226529355745,1.0702,81.67265957446808,2.7766,ok,
1b5aA00|target|target|T0.05|1,1b5aA00|target|target,1b5aA00,0.05,target,0.9420285594141743,1.0344,81.04085106382979,3.3735,ok,
1b5aA00|target|target|T0.05|2,1b5aA00|target|target,1b5aA00,0.05,target,0.9299523384887532,1.0393,80.68031914893616,4.3091,ok,
1b5aA00|target|target|T0.05|3,1b5aA00|target|target,1b5aA00,0.05,target,0.8924240863460338,1.0652,82.30138297872341,4.1657,ok,
1b5aA00|target|target|T0.05|4,1b5aA00|target|target,1b5aA00,0.05,target,0.8897397090592827,1.0418,81.58,4.2383,ok,
1b5aA00|target|target|T0.05|5,1b5aA00|target|target,1b5aA00,0.05,target,0.8850631952124194,1.0227,79.96085106382978,3.3131,ok,
1b5aA00|target|target|T0.05|6,1b5aA00|target|target,1b5aA00,0.05,target,0.8758867724680686,1.051,80.06659574468085,4.1847,ok,
1b5aA00|target|target|T0.05|7,1b5aA00|target|target,1b5aA00,0.05,target,0.897620771452389,1.0183,80.90627659574467,4.1277,ok,
1b5aA00|target|target|T0.1|0,1b5aA00|target|target,1b5aA00,0.1,target,0.9040800792602903,1.0685,83.36606382978724,3.5924,ok,
1b5aA00|target|target|T0.1|1,1b5aA00|target|target,1b5aA00,0.1,target,0.8974250789016757,1.0761,82.75468085106382,3.6204,ok,
1b5aA00|target|target|T0.1|2,1b5aA00|target|target,1b5aA00,0.1,target,0.8595417807735656,1.073,81.2513829787234,3.3558,ok,
1b5aA00|target|target|T0.1|3,1b5aA00|target|target,1b5aA00,0.1,target,0.8754234399977359,1.0648,82.5031914893617,3.2834,ok,
1b5aA00|target|target|T0.1|4,1b5aA00|target|target,1b5aA00,0.1,target,0.9125784244949704,1.0704,85.67489361702127,3.2554,ok,
1b5aA00|target|target|T0.1|5,1b5aA00|target|target,1b5aA00,0.1,target,0.89384558886203,1.0554,83.75117021276596,2.9372,ok,
1b5aA00|target|target|T0.1|6,1b5aA00|target|target,1b5aA00,0.1,target,0.9085947073227411,1.0299,79.31425531914894,3.834,ok,
1b5aA00|target|target|T0.1|7,1b5aA00|target|target,1b5aA00,0.1,target,0.9042644298229897,1.1117,80.53053191489361,3.2931,ok,
1b5aA00|target|target|T0.2|0,1b5aA00|target|target,1b5aA00,0.2,target,0.8359655089902447,1.184,79.86287234042553,3.8628,ok,
1b5aA00|target|target|T0.2|1,1b5aA00|target|target,1b5aA00,0.2,target,0.874024534451703,1.1476,87.52978723404254,3.4952,ok,
1b5aA00|target|target|T0.2|2,1b5aA00|target|target,1b5aA00,0.2,target,0.8695057457338948,1.1393,83.3163829787234,3.6093,ok,
1b5aA00|target|target|T0.2|3,1b5aA00|target|target,1b5aA00,0.2,target,0.8053384164084221,1.1421,81.48946808510638,3.7389,ok,
1b5aA00|target|target|T0.2|4,1b5aA00|target|target,1b5aA00,0.2,target,0.8297462256026219,1.1602,81.01287234042553,4.0061,ok,
1b5aA00|target|target|T0.2|5,1b5aA00|target|target,1b5aA00,0.2,target,0.8312438030340921,1.1772,85.47457446808511,3.4661,ok,
1b5aA00|target|target|T0.2|6,1b5aA00|target|target,1b5aA00,0.2,target,0.911382901842072,1.0914,82.85489361702128,3.7203,ok,
1b5aA00|target|target|T0.2|7,1b5aA00|target|target,1b5aA00,0.2,target,0.8946504237612208,1.0803,83.5504255319149,3.584,ok,
1b5aA00|target|target|T0.3|0,1b5aA00|target|target,1b5aA00,0.3,target,0.8365481949806592,1.1566,84.07265957446809,3.3077,ok,
1b5aA00|target|target|T0.3|1,1b5aA00|target|target,1b5aA00,0.3,target,0.871663158422065,1.1247,82.38989361702127,3.5243,ok,
1b5aA00|target|target|T0.3|2,1b5aA00|target|target,1b5aA00,0.3,target,0.844810853208393,1.2079,84.97191489361701,2.6406,ok,
1b5aA00|target|target|T0.3|3,1b5aA00|target|target,1b5aA00,0.3,target,0.8106198073038409,1.2441,80.54936170212767,4.2344,ok,
1b5aA00|target|target|T0.3|4,1b5aA00|target|target,1b5aA00,0.3,target,0.8641021198952787,1.2231,87.15148936170212,3.4201,ok,
1b5aA00|target|target|T0.3|5,1b5aA00|target|target,1b5aA00,0.3,target,0.8368389128962332,1.1974,82.23893617021277,3.7672,ok,
1b5aA00|target|target|T0.3|6,1b5aA00|target|target,1b5aA00,0.3,target,0.9082406865115142,1.1458,85.59414893617021,4.1615,ok,
1b5aA00|target|target|T0.3|7,1b5aA00|target|target,1b5aA00,0.3,target,0.8220996856153231,1.1603,82.27404255319149,3.2096,ok,
1bctA00|target|target|T0.05|0,1bctA00|target|target,1bctA00,0.05,target,0.996950018821123,1.2069,93.01347826086958,12.0676,ok,
1bctA00|target|target|T0.05|1,1bctA00|target|target,1bctA00,0.05,target,0.9966156974444467,1.2546,94.52173913043478,12.6999,ok,
1bctA00|target|target|T0.05|2,1bctA00|target|target,1bctA00,0.05,target,0.9968966777895599,1.225,94.32666666666667,12.5647,ok,
1bctA00|target|target|T0.05|3,1bctA00|target|target,1bctA00,0.05,target,0.9956867418858182,1.2979,93.16797101449275,11.6828,ok,
1bctA00|target|target|T0.05|4,1bctA00|target|target,1bctA00,0.05,target,0.2190340510141965,1.2683,97.12956521739132,11.4103,ok,
1bctA00|target|target|T0.05|5,1bctA00|target|target,1bctA00,0.05,target,0.9559138339593349,1.3276,94.67521739130434,11.2322,ok,
1bctA00|target|target|T0.05|6,1bctA00|target|target,1bctA00,0.05,target,0.9984498095431334,1.1357,94.83086956521738,12.731,ok,
1bctA00|target|target|T0.05|7,1bctA00|target|target,1bctA00,0.05,target,0.9793491236514902,1.2978,96.12463768115943,10.4871,ok,
1bctA00|target|target|T0.1|0,1bctA00|target|target,1bctA00,0.1,target,0.9966156974444467,1.3272,95.80434782608695,11.7332,ok,
1bctA00|target|target|T0.1|1,1bctA00|target|target,1bctA00,0.1,target,0.9976075534875893,1.1494,96.43260869565218,11.2689,ok,
1bctA00|target|target|T0.1|2,1bctA00|target|target,1bctA00,0.1,target,0.9986969440418142,1.2326,96.22246376811594,12.649,ok,
1bctA00|target|target|T0.1|3,1bctA00|target|target,1bctA00,0.1,target,0.9810363766495843,1.2863,94.16144927536233,11.9811,ok,
1bctA00|target|target|T0.1|4,1bctA00|target|target,1bctA00,0.1,target,0.9971626092787533,1.2235,94.27521739130434,12.5958,ok,
1bctA00|target|target|T0.1|5,1bctA00|target|target,1bctA00,0.1,target,0.9976075534875893,1.2207,95.82072463768117,12.2248,ok,
1bctA00|target|target|T0.1|6,1bctA00|target|target,1bctA00,0.1,target,0.998314099504387,1.1596,95.2595652173913,12.4713,ok,
1bctA00|target|target|T0.1|7,1bctA00|target|target,1bctA00,0.1,target,0.9970024457644708,1.321,95.17884057971014,11.9374,ok,
1bctA00|target|target|T0.2|0,1bctA00|target|target,1bctA00,0.2,target,0.993797134537249,1.3213,93.17869565217391,11.1694,ok,
1bctA00|target|target|T0.2|1,1bctA00|target|target,1bctA00,0.2,target,0.08990604926641842,1.1497,97.02579710144927,11.463,ok,
1bctA00|target|target|T0.2|2,1bctA00|target|target,1bctA00,0.2,target,0.9793491236514902,1.2885,95.82014492753623,11.3037,ok,
1bctA00|target|target|T0.2|3,1bctA00|target|target,1bctA00,0.2,target,0.9290491271321507,1.3914,95.21550724637682,11.7293,ok,
1bctA00|target|target|T0.2|4,1bctA00|target|target,1bctA00,0.2,target,0.9986969440418142,1.2586,96.1444927536232,12.9179,ok,
1bctA00|target|target|T0.2|5,1bctA00|target|target,1bctA00,0.2,target,0.9976075534875893,1.2597,95.05333333333334,12.7115,ok,
1bctA00|target|target|T0.2|6,1bctA00|target|target,1bctA00,0.2,target,0.9867615683201816,1.4766,94.95304347826087,11.111,ok,
1bctA00|target|target|T0.2|7,1bctA00|target|target,1bctA00,0.2,target,0.9479752435008023,1.2989,96.56260869565217,11.0611,ok,
1bctA00|target|target|T0.3|0,1bctA00|target|target,1bctA00,0.3,target,0.9886578908774832,1.4197,95.21362318840579,11.2903,ok,
1bctA00|target|target|T0.3|1,1bctA00|target|target,1bctA00,0.3,target,0.9959754293269376,1.2745,94.93550724637682,11.3547,ok,
1bctA00|target|target|T0.3|2,1bctA00|target|target,1bctA00,0.3,target,0.30965362497278404,1.4358,95.98275362318842,12.7094,ok,
1bctA00|target|target|T0.3|3,1bctA00|target|target,1bctA00,0.3,target,0.9810363766495843,1.4087,96.08855072463767,11.3179,ok,
1bctA00|target|target|T0.3|4,1bctA00|target|target,1bctA00,0.3,target,0.9959754293269376,1.4425,91.62971014492753,11.1498,ok,
1bctA00|target|target|T0.3|5,1bctA00|target|target,1bctA00,0.3,target,0.9961792415808738,1.453,94.70971014492754,12.2985,ok,
1bctA00|target|target|T0.3|6,1bctA00|target|target,1bctA00,0.3,target,0.9816727605104382,1.5036,86.79463768115941,12.7684,ok,
1bctA00|target|target|T0.3|7,1bctA00|target|target,1bctA00,0.3,target,0.9813572322343871,1.5205,95.69811594202899,10.7084,ok,
1bg5A03|target|target|T0.05|0,1bg5A03|target|target,1bg5A03,0.05,target,0.8278397261833574,1.2098,84.70688976377953,21.3342,ok,
1bg5A03|target|target|T0.05|1,1bg5A03|target|target,1bg5A03,0.05,target,0.7794595525615567,1.2009,82.12291338582678,22.9126,ok,
1bg5A03|target|target|T0.05|2,1bg5A03|target|target,1bg5A03,0.05,target,0.797825046670435,1.2123,83.44185039370079,24.017,ok,
1bg5A03|target|target|T0.05|3,1bg5A03|target|target,1bg5A03,0.05,target,0.8235333937359977,1.2192,81.45433070866142,20.2783,ok,
1bg5A03|target|target|T0.05|4,1bg5A03|target|target,1bg5A03,0.05,target,0.7275454627437752,1.1807,79.12791338582677,12.0248,ok,
1bg5A03|target|target|T0.05|5,1bg5A03|target|target,1bg5A03,0.05,target,0.7860204503381067,1.22,79.89129921259843,19.58,ok,
1bg5A03|target|target|T0.05|6,1bg5A03|target|target,1bg5A03,0.05,target,0.8036044413621088,1.222,80.51511811023622,19.7955,ok,
1bg5A03|target|target|T0.05|7,1bg5A03|target|target,1bg5A03,0.05,target,0.8247885988542419,1.1908,83.24456692913385,18.1661,ok,
1bg5A03|target|target|T0.1|0,1bg5A03|target|target,1bg5A03,0.1,target,0.8093796369699076,1.1607,82.27751968503938,22.7336,ok,
1bg5A03|target|target|T0.1|1,1bg5A03|target|target,1bg5A03,0.1,target,0.7941167548488035,1.2232,79.48755905511811,21.8765,ok,
1bg5A03|target|target|T0.1|2,1bg5A03|target|target,1bg5A03,0.1,target,0.7337437744419003,1.2483,79.13685039370078,21.3656,ok,
1bg5A03|target|target|T0.1|3,1bg5A03|target|target,1bg5A03,0.1,target,0.6997240697788987,1.2321,81.02086614173228,20.8459,ok,
1bg5A03|target|target|T0.1|4,1bg5A03|target|target,1bg5A03,0.1,target,0.7640688919127455,1.2536,77.53669291338582,13.7959,ok,
1bg5A03|target|target|T0.1|5,1bg5A03|target|target,1bg5A03,0.1,target,0.7708140331156662,1.2375,80.44248031496063,17.8795,ok,
1bg5A03|target|target|T0.1|6,1bg5A03|target|target,1bg5A03,0.1,target,0.7691405372297461,1.2497,82.01330708661418,17.5505,ok,
1bg5A03|target|target|T0.1|7,1bg5A03|target|target,1bg5A03,0.1,target,0.7485447866518261,1.2148,81.06334645669291,13.1693,ok,
1bg5A03|target|target|T0.2|0,1bg5A03|target|target,1bg5A03,0.2,target,0.7942454615191056,1.2977,84.84181102362204,21.1045,ok,
1bg5A03|target|target|T0.2|1,1bg5A03|target|target,1bg5A03,0.2,target,0.7294144043651289,1.274,77.95893700787401,15.9215,ok,
1bg5A03|target|target|T0.2|2,1bg5A03|target|target,1bg5A03,0.2,target,0.6397618618569219,1.3011,79.00114173228347,22.4104,ok,
1bg5A03|target|target|T0.2|3,1bg5A03|target|target,1bg5A03,0.2,target,0.6130515341824083,1.2683,77.57019685039371,18.0737,ok,
1bg5A03|target|target|T0.2|4,1bg5A03|target|target,1bg5A03,0.2,target,0.7798653530507936,1.3299,81.7092125984252,20.2328,ok,
1bg5A03|target|target|T0.2|5,1bg5A03|target|target,1bg5A03,0.2,target,0.8193760639076532,1.2851,78.48570866141732,14.9741,ok,
1bg5A03|target|target|T0.2|6,1bg5A03|target|target,1bg5A03,0.2,target,0.6781312174497749,1.2435,81.62622047244095,11.5776,ok,
1bg5A03|target|target|T0.2|7,1bg5A03|target|target,1bg5A03,0.2,target,0.7708140331156662,1.2548,78.80905511811024,18.8667,ok,
1bg5A03|target|target|T0.3|0,1bg5A03|target|target,1bg5A03,0.3,target,0.7695597115728102,1.4096,82.35976377952757,12.9409,ok,
1bg5A03|target|target|T0.3|1,1bg5A03|target|target,1bg5A03,0.3,target,0.5625446986596646,1.3754,76.91740157480315,8.5663,ok,
1bg5A03|target|target|T0.3|2,1bg5A03|target|target,1bg5A03,0.3,target,0.8305163760092196,1.3987,89.06877952755906,12.4398,ok,
1bg5A03|target|target|T0.3|3,1bg5A03|target|target,1bg5A03,0.3,target,0.7912701199659701,1.4598,80.82720472440946,14.171,ok,
1bg5A03|target|target|T0.3|4,1bg5A03|target|target,1bg5A03,0.3,target,0.8150240983341926,1.3674,77.42188976377953,13.5464,ok,
1bg5A03|target|target|T0.3|5,1bg5A03|target|target,1bg5A03,0.3,target,0.8179734264822774,1.379,73.73200787401575,9.2404,ok,
1bg5A03|target|target|T0.3|6,1bg5A03|target|target,1bg5A03,0.3,target,0.8549954106511454,1.2798,85.45622047244095,9.8411,ok,
1bg5A03|target|target|T0.3|7,1bg5A03|target|target,1bg5A03,0.3,target,0.7939879885508557,1.3337,78.62645669291338,15.6902,ok,
1bxmA00|target|target|T0.05|0,1bxmA00|target|target,1bxmA00,0.05,target,0.7030783422260646,0.9477,96.2174,0.9797,ok,
1bxmA00|target|target|T0.05|1,1bxmA00|target|target,1bxmA00,0.05,target,0.5822459279280222,0.9169,95.988,1.0121,ok,
1bxmA00|target|target|T0.05|2,1bxmA00|target|target,1bxmA00,0.05,target,0.525477914477493,0.9567,96.8688,1.1082,ok,
1bxmA00|target|target|T0.05|3,1bxmA00|target|target,1bxmA00,0.05,target,0.4980000106665984,0.951,96.21610000000001,1.0587,ok,
1bxmA00|target|target|T0.05|4,1bxmA00|target|target,1bxmA00,0.05,target,0.7558388990947971,0.9334,96.15780000000001,0.988,ok,
1bxmA00|target|target|T0.05|5,1bxmA00|target|target,1bxmA00,0.05,target,0.5289675250309517,0.9368,95.9143,0.9747,ok,
1bxmA00|target|target|T0.05|6,1bxmA00|target|target,1bxmA00,0.05,target,0.3955599825806374,0.9287,96.616,0.924,ok,
1bxmA00|target|target|T0.05|7,1bxmA00|target|target,1bxmA00,0.05,target,0.4250686395094151,0.9943,97.3069,0.7702,ok,
1bxmA00|target|target|T0.1|0,1bxmA00|target|target,1bxmA00,0.1,target,0.5224848247918,0.9517,96.1776,0.6895,ok,
1bxmA00|target|target|T0.1|1,1bxmA00|target|target,1bxmA00,0.1,target,0.6336714513637738,0.9454,96.4148,0.9406,ok,
1bxmA00|target|target|T0.1|2,1bxmA00|target|target,1bxmA00,0.1,target,0.671725582405139,0.9509,96.6675,0.9917,ok,
1bxmA00|target|target|T0.1|3,1bxmA00|target|target,1bxmA00,0.1,target,0.4541293434458062,0.9805,96.414,1.0551,ok,
1bxmA00|target|target|T0.1|4,1bxmA00|target|target,1bxmA00,0.1,target,0.6699590824057516,0.9449,96.2642,0.9953,ok,
1bxmA00|target|target|T0.1|5,1bxmA00|target|target,1bxmA00,0.1,target,0.4471976145553063,0.9628,96.7297,0.7038,ok,
1bxmA00|target|target|T0.1|6,1bxmA00|target|target,1bxmA00,0.1,target,0.6839533750165775,0.9561,96.9552,0.848,ok,
1bxmA00|target|target|T0.1|7,1bxmA00|target|target,1bxmA00,0.1,target,0.6561085065514703,0.9638,96.7939,1.0671,ok,
1bxmA00|target|target|T0.2|0,1bxmA00|target|target,1bxmA00,0.2,target,0.43683920889452504,0.9748,97.0434,1.0371,ok,
1bxmA00|target|target|T0.2|1,1bxmA00|target|target,1bxmA00,0.2,target,0.7146344167107368,0.9533,96.9108,1.0459,ok,
1bxmA00|target|target|T0.2|2,1bxmA00|target|target,1bxmA00,0.2,target,0.5822459279280222,0.9671,95.91799999999999,1.0579,ok,
1bxmA00|target|target|T0.2|3,1bxmA00|target|target,1bxmA00,0.2,target,0.7624212360530477,1.0037,96.1436,0.941,ok,
1bxmA00|target|target|T0.2|4,1bxmA00|target|target,1bxmA00,0.2,target,0.6168028891971088,1.0664,96.4789,1.0517,ok,
1bxmA00|target|target|T0.2|5,1bxmA00|target|target,1bxmA00,0.2,target,0.6313470442341522,0.9652,96.9636,1.0133,ok,
1bxmA00|target|target|T0.2|6,1bxmA00|target|target,1bxmA00,0.2,target,0.5846762648954498,0.9917,96.59020000000001,1.0729,ok,
1bxmA00|target|target|T0.2|7,1bxmA00|target|target,1bxmA00,0.2,target,0.4805098804887541,1.0098,95.837,0.9901,ok,
1bxmA00|target|target|T0.3|0,1bxmA00|target|target,1bxmA00,0.3,target,0.7286927039538564,1.0268,96.44059999999999,1.0946,ok,
1bxmA00|target|target|T0.3|1,1bxmA00|target|target,1bxmA00,0.3,target,0.7146344167107368,1.049,96.4428,0.9093,ok,
1bxmA00|target|target|T0.3|2,1bxmA00|target|target,1bxmA00,0.3,target,0.7631450157268554,1.0125,96.03129999999999,0.8892,ok,
1bxmA00|target|target|T0.3|3,1bxmA00|target|target,1bxmA00,0.3,target,0.6708429359927333,1.0375,96.6828,0.8555,ok,
1bxmA00|target|target|T0.3|4,1bxmA00|target|target,1bxmA00,0.3,target,0.8576613198329636,0.9991,96.27709999999999,1.0654,ok,
1bxmA00|target|target|T0.3|5,1bxmA00|target|target,1bxmA00,0.3,target,0.5953194110219262,1.0461,96.0667,0.706,ok,
1bxmA00|target|target|T0.3|6,1bxmA00|target|target,1bxmA00,0.3,target,0.6552054233029431,1.068,97.01440000000001,1.0493,ok,
1bxmA00|target|target|T0.3|7,1bxmA00|target|target,1bxmA00,0.3,target,0.5817593768418362,1.0601,96.4271,1.0221,ok,
1c8zA00|target|target|T0.05|0,1c8zA00|target|target,1c8zA00,0.05,target,0.6842958701302762,0.9363,90.11279245283019,2.1125,ok,
1c8zA00|target|target|T0.05|1,1c8zA00|target|target,1c8zA00,0.05,target,0.6912645277480096,0.888,92.39464150943397,1.2824,ok,
1c8zA00|target|target|T0.05|2,1c8zA00|target|target,1c8zA00,0.05,target,0.6731054035551993,0.9191,91.32799999999999,1.7022,ok,
1c8zA00|target|target|T0.05|3,1c8zA00|target|target,1c8zA00,0.05,target,0.6428887945448911,0.9119,90.41094339622641,1.8964,ok,
1c8zA00|target|target|T0.05|4,1c8zA00|target|target,1c8zA00,0.05,target,0.6938356797231412,0.9026,92.19905660377358,1.9516,ok,
1c8zA00|target|target|T0.05|5,1c8zA00|target|target,1c8zA00,0.05,target,0.6755914619376975,0.8965,90.35298113207547,1.8431,ok,
1c8zA00|target|target|T0.05|6,1c8zA00|target|target,1c8zA00,0.05,target,0.6870610639818066,0.8921,90.28528301886791,1.7667,ok,
1c8zA00|target|target|T0.05|7,1c8zA00|target|target,1c8zA00,0.05,target,0.660699974689232,0.9152,91.50852830188678,1.8922,ok,
1c8zA00|target|target|T0.1|0,1c8zA00|target|target,1c8zA00,0.1,target,0.7226682554534677,0.8988,92.20849056603774,1.5271,ok,
1c8zA00|target|target|T0.1|1,1c8zA00|target|target,1c8zA00,0.1,target,0.7206975924108348,0.8882,90.9894716981132,1.2794,ok,
1c8zA00|target|target|T0.1|2,1c8zA00|target|target,1c8zA00,0.1,target,0.6655890666117523,0.922,88.24784905660377,1.6844,ok,
1c8zA00|target|target|T0.1|3,1c8zA00|target|target,1c8zA00,0.1,target,0.7170370049968261,0.8992,92.45403773584906,1.8538,ok,
1c8zA00|target|target|T0.1|4,1c8zA00|target|target,1c8zA00,0.1,target,0.6613764022999927,0.9149,90.59690566037736,1.6205,ok,
1c8zA00|target|target|T0.1|5,1c8zA00|target|target,1c8zA00,0.1,target,0.6824996338181237,0.9255,,,ok,
1c8zA00|target|target|T0.1|6,1c8zA00|target|target,1c8zA00,0.1,target,0.7065093316716959,0.9151,,,ok,
1c8zA00|target|target|T0.1|7,1c8zA00|target|target,1c8zA00,0.1,target,0.698624144309181,0.9115,,,ok,
1c8zA00|target|target|T0.2|0,1c8zA00|target|target,1c8zA00,0.2,target,0.6975106470369912,0.9219,,,ok,
1c8zA00|target|target|T0.2|1,1c8zA00|target|target,1c8zA00,0.2,target,0.6694415537407559,0.9497,,,ok,
1c8zA00|target|target|T0.2|2,1c8zA00|target|target,1c8zA00,0.2,target,0.7385586547979062,0.9095,,,ok,
1c8zA00|target|target|T0.2|3,1c8zA00|target|target,1c8zA00,0.2,target,0.6618832908161353,0.9766,,,ok,
1c8zA00|target|target|T0.2|4,1c8zA00|target|target,1c8zA00,0.2,target,0.6299670525629959,0.9453,90.69166037735849,1.969,ok,
1c8zA00|target|target|T0.2|5,1c8zA00|target|target,1c8zA00,0.2,target,0.6983062400785918,0.9524,90.76422641509434,1.8216,ok,
1c8zA00|target|target|T0.2|6,1c8zA00|target|target,1c8zA00,0.2,target,0.7397227994964415,0.9321,89.26864150943396,1.7147,ok,
1c8zA00|target|target|T0.2|7,1c8zA00|target|target,1c8zA00,0.2,target,0.7252323067393889,0.9264,92.71203773584905,2.1083,ok,
1c8zA00|target|target|T0.3|0,1c8zA00|target|target,1c8zA00,0.3,target,0.6904585965289836,0.9802,91.61750943396227,1.5444,ok,
1c8zA00|target|target|T0.3|1,1c8zA00|target|target,1c8zA00,0.3,target,0.6347044789060392,0.9731,90.94815094339621,1.7791,ok,
1c8zA00|target|target|T0.3|2,1c8zA00|target|target,1c8zA00,0.3,target,0.6844588927548825,0.9976,90.66090566037735,1.6819,ok,
1c8zA00|target|target|T0.3|3,1c8zA00|target|target,1c8zA00,0.3,target,0.6852733245721724,0.9859,91.10471698113207,1.6817,ok,
1c8zA00|target|target|T0.3|4,1c8zA00|target|target,1c8zA00,0.3,target,0.7099403456108401,0.9415,91.09830188679246,1.4631,ok,
1c8zA00|target|target|T0.3|5,1c8zA00|target|target,1c8zA00,0.3,target,0.7240275299455438,1.0109,91.03698113207547,1.7531,ok,
1c8zA00|target|target|T0.3|6,1c8zA00|target|target,1c8zA00,0.3,target,0.6642438449472827,0.9701,90.56641509433962,1.6464,ok,
1c8zA00|target|target|T0.3|7,1c8zA00|target|target,1c8zA00,0.3,target,0.7291251884221444,0.9957,90.67377358490566,1.2699,ok,
1e9tA00|target|target|T0.05|0,1e9tA00|target|target,1e9tA00,0.05,target,0.9387835784081383,1.3323,76.9264406779661,4.0418,ok,
1e9tA00|target|target|T0.05|1,1e9tA00|target|target,1e9tA00,0.05,target,0.9243554191628386,1.3879,72.97338983050848,3.9069,ok,
1e9tA00|target|target|T0.05|2,1e9tA00|target|target,1e9tA00,0.05,target,0.9399420601378801,1.3278,70.77305084745763,4.6562,ok,
1e9tA00|target|target|T0.05|3,1e9tA00|target|target,1e9tA00,0.05,target,0.7313250875438444,1.3723,80.49135593220339,2.6038,ok,
1e9tA00|target|target|T0.05|4,1e9tA00|target|target,1e9tA00,0.05,target,0.7614558829902514,1.3896,77.5379661016949,2.7821,ok,
1e9tA00|target|target|T0.05|5,1e9tA00|target|target,1e9tA00,0.05,target,0.9153682498094445,1.3768,75.86525423728814,4.4595,ok,
1e9tA00|target|target|T0.05|6,1e9tA00|target|target,1e9tA00,0.05,target,0.7101826279641096,1.3384,77.86864406779661,5.5737,ok,
1e9tA00|target|target|T0.05|7,1e9tA00|target|target,1e9tA00,0.05,target,0.7897451331283052,1.3234,75.48694915254237,4.0321,ok,
1e9tA00|target|target|T0.1|0,1e9tA00|target|target,1e9tA00,0.1,target,0.8359605638464239,1.3757,50.33745762711864,11.7408,ok,
1e9tA00|target|target|T0.1|1,1e9tA00|target|target,1e9tA00,0.1,target,0.7759178452744491,1.3693,77.04762711864407,4.3776,ok,
1e9tA00|target|target|T0.1|2,1e9tA00|target|target,1e9tA00,0.1,target,0.8331523771360868,1.3156,70.714406779661,4.2991,ok,
1e9tA00|target|target|T0.1|3,1e9tA00|target|target,1e9tA00,0.1,target,0.7687659084690117,1.35,80.15254237288136,3.7649,ok,
1e9tA00|target|target|T0.1|4,1e9tA00|target|target,1e9tA00,0.1,target,0.9257653535740159,1.3714,55.90322033898305,14.7869,ok,
1e9tA00|target|target|T0.1|5,1e9tA00|target|target,1e9tA00,0.1,target,0.6575068196180922,1.3564,73.08762711864406,3.5612,ok,
1e9tA00|target|target|T0.1|6,1e9tA00|target|target,1e9tA00,0.1,target,0.921461560446817,1.3767,76.27881355932203,5.9353,ok,
1e9tA00|target|target|T0.1|7,1e9tA00|target|target,1e9tA00,0.1,target,0.8414628003452166,1.3367,78.7,4.5858,ok,
1e9tA00|target|target|T0.2|0,1e9tA00|target|target,1e9tA00,0.2,target,0.8736428598702128,1.4559,71.36406779661016,3.5073,ok,
1e9tA00|target|target|T0.2|1,1e9tA00|target|target,1e9tA00,0.2,target,0.6711123461260282,1.4664,71.02491525423729,3.9369,ok,
1e9tA00|target|target|T0.2|2,1e9tA00|target|target,1e9tA00,0.2,target,0.8780655119089121,1.4132,52.999152542372876,9.8097,ok,
1e9tA00|target|target|T0.2|3,1e9tA00|target|target,1e9tA00,0.2,target,0.7687659084690118,1.4243,79.31101694915255,3.7277,ok,
1e9tA00|target|target|T0.2|4,1e9tA00|target|target,1e9tA00,0.2,target,0.6389586985691502,1.4685,72.47186440677966,6.1682,ok,
1e9tA00|target|target|T0.2|5,1e9tA00|target|target,1e9tA00,0.2,target,0.9420128024095356,1.4072,67.14999999999999,4.2115,ok,
1e9tA00|target|target|T0.2|6,1e9tA00|target|target,1e9tA00,0.2,target,0.9483302600839763,1.372,61.165084745762705,13.5578,ok,
1e9tA00|target|target|T0.2|7,1e9tA00|target|target,1e9tA00,0.2,target,0.9199769500807999,1.4413,58.17,12.2423,ok,
1e9tA00|target|target|T0.3|0,1e9tA00|target|target,1e9tA00,0.3,target,0.7470068353657037,1.4811,78.72016949152543,4.3264,ok,
1e9tA00|target|target|T0.3|1,1e9tA00|target|target,1e9tA00,0.3,target,0.9124344677415246,1.4568,80.75983050847458,3.6018,ok,
1e9tA00|target|target|T0.3|2,1e9tA00|target|target,1e9tA00,0.3,target,0.7765066815655695,1.5664,72.07677966101694,5.7487,ok,
1e9tA00|target|target|T0.3|3,1e9tA00|target|target,1e9tA00,0.3,target,0.9651085914682631,1.4111,72.03593220338983,5.2889,ok,
1e9tA00|target|target|T0.3|4,1e9tA00|target|target,1e9tA00,0.3,target,0.6575068196180922,1.4222,62.302542372881355,9.4791,ok,
1e9tA00|target|target|T0.3|5,1e9tA00|target|target,1e9tA00,0.3,target,0.857487424805237,1.5398,73.76440677966103,2.7268,ok,
1e9tA00|target|target|T0.3|6,1e9tA00|target|target,1e9tA00,0.3,target,0.9298512591301691,1.494,73.61559322033898,4.9014,ok,
1e9tA00|target|target|T0.3|7,1e9tA00|target|target,1e9tA00,0.3,target,0.4496626303437828,1.4178,64.99779661016949,3.2422,ok,
1eruA00|target|target|T0.05|0,1eruA00|target|target,1eruA00,0.05,target,0.7778763437357723,0.7109,96.98857142857142,0.4893,ok,
1eruA00|target|target|T0.05|1,1eruA00|target|target,1eruA00,0.05,target,0.7024616362718568,0.7657,97.87942857142858,0.418,ok,
1eruA00|target|target|T0.05|2,1eruA00|target|target,1eruA00,0.05,target,0.8296087785624245,0.7334,97.23228571428571,0.3736,ok,
1eruA00|target|target|T0.05|3,1eruA00|target|target,1eruA00,0.05,target,0.7742350249214351,0.7593,96.90133333333333,0.4719,ok,
1eruA00|target|target|T0.05|4,1eruA00|target|target,1eruA00,0.05,target,0.7177510569577399,0.742,97.56314285714285,0.4228,ok,
1eruA00|target|target|T0.05|5,1eruA00|target|target,1eruA00,0.05,target,0.7675066844094429,0.7186,96.49780952380952,0.4554,ok,
1eruA00|target|target|T0.05|6,1eruA00|target|target,1eruA00,0.05,target,0.7181367720550715,0.7432,97.45628571428571,0.4245,ok,
1eruA00|target|target|T0.05|7,1eruA00|target|target,1eruA00,0.05,target,0.8249824978936264,0.7102,97.60438095238095,0.4076,ok,
1eruA00|target|target|T0.1|0,1eruA00|target|target,1eruA00,0.1,target,0.8456590804130456,0.7139,96.94104761904761,0.395,ok,
1eruA00|target|target|T0.1|1,1eruA00|target|target,1eruA00,0.1,target,0.7204443239304575,0.75,97.08390476190476,0.4418,ok,
1eruA00|target|target|T0.1|2,1eruA00|target|target,1eruA00,0.1,target,0.7658029264260275,0.6993,97.49352380952381,0.4045,ok,
1eruA00|target|target|T0.1|3,1eruA00|target|target,1eruA00,0.1,target,0.8021838885585817,0.7484,97.33838095238096,0.3943,ok,
1eruA00|target|target|T0.1|4,1eruA00|target|target,1eruA00,0.1,target,0.7837439156443691,0.7432,97.27104761904761,0.4235,ok,
1eruA00|target|target|T0.1|5,1eruA00|target|target,1eruA00,0.1,target,0.7917057572071617,0.7392,97.57485714285716,0.5028,ok,
1eruA00|target|target|T0.1|6,1eruA00|target|target,1eruA00,0.1,target,0.76546113671411,0.7073,97.27228571428572,0.4722,ok,
1eruA00|target|target|T0.1|7,1eruA00|target|target,1eruA00,0.1,target,0.783420904231824,0.7404,97.92342857142856,0.443,ok,
1eruA00|target|target|T0.2|0,1eruA00|target|target,1eruA00,0.2,target,0.7490088901702329,0.8041,96.66295238095239,0.4906,ok,
1eruA00|target|target|T0.2|1,1eruA00|target|target,1eruA00,0.2,target,0.7742350249214351,0.7752,97.59733333333332,0.4161,ok,
1eruA00|target|target|T0.2|2,1eruA00|target|target,1eruA00,0.2,target,0.7204443239304575,0.752,97.21971428571429,0.5449,ok,
1eruA00|target|target|T0.2|3,1eruA00|target|target,1eruA00,0.2,target,0.8113869673827582,0.7927,97.66276190476191,0.5457,ok,
1eruA00|target|target|T0.2|4,1eruA00|target|target,1eruA00,0.2,target,0.7837439156443691,0.7307,96.84809523809523,0.4033,ok,
1eruA00|target|target|T0.2|5,1eruA00|target|target,1eruA00,0.2,target,0.7040516276171623,0.7697,97.05,0.5687,ok,
1eruA00|target|target|T0.2|6,1eruA00|target|target,1eruA00,0.2,target,0.8036908250308967,0.7493,97.48333333333333,0.4151,ok,
1eruA00|target|target|T0.2|7,1eruA00|target|target,1eruA00,0.2,target,0.7725659626185978,0.7689,97.65619047619047,0.4932,ok,
1eruA00|target|target|T0.3|0,1eruA00|target|target,1eruA00,0.3,target,0.7935841346787332,0.7934,97.71409523809524,0.395,ok,
1eruA00|target|target|T0.3|1,1eruA00|target|target,1eruA00,0.3,target,0.7208277900376051,0.7977,97.6944761904762,0.4204,ok,
1eruA00|target|target|T0.3|2,1eruA00|target|target,1eruA00,0.3,target,0.7450494433801825,0.8203,97.55638095238095,0.4404,ok,
1eruA00|target|target|T0.3|3,1eruA00|target|target,1eruA00,0.3,target,0.7475738349093666,0.7658,96.63209523809525,0.4152,ok,
1eruA00|target|target|T0.3|4,1eruA00|target|target,1eruA00,0.3,target,0.7395843871681743,0.8101,96.51942857142858,0.4338,ok,
1eruA00|target|target|T0.3|6,1eruA00|target|target,1eruA00,0.3,target,0.7340440008749307,0.858,97.79419047619047,0.5353,ok,
1eruA00|target|target|T0.3|5,1eruA00|target|target,1eruA00,0.3,target,0.7111451778766378,0.8089,95.75933333333333,0.4925,ok,
1hufA00|target|target|T0.05|0,1hufA00|target|target,1hufA00,0.05,target,0.7569923388195972,0.7278,79.93861788617886,1.5386,ok,
1eruA00|target|target|T0.3|7,1eruA00|target|target,1eruA00,0.3,target,0.77356844305634,0.7046,97.59380952380953,0.4707,ok,
1hufA00|target|target|T0.05|2,1hufA00|target|target,1hufA00,0.05,target,0.6971622826666588,0.7646,81.47089430894309,1.6465,ok,
1hufA00|target|target|T0.05|1,1hufA00|target|target,1hufA00,0.05,target,0.7448287641394561,0.7287,93.24154471544715,0.6316,ok,
1hufA00|target|target|T0.05|3,1hufA00|target|target,1hufA00,0.05,target,0.7623358121872282,0.7753,94.47471544715447,0.5241,ok,
1hufA00|target|target|T0.05|4,1hufA00|target|target,1hufA00,0.05,target,0.7482132799971464,0.7377,93.58747967479675,0.7364,ok,
1hufA00|target|target|T0.05|6,1hufA00|target|target,1hufA00,0.05,target,0.7801158235603312,0.7543,89.8429268292683,0.5073,ok,
1hufA00|target|target|T0.05|5,1hufA00|target|target,1hufA00,0.05,target,0.7784377375159406,0.7091,90.59739837398374,0.6749,ok,
1hufA00|target|target|T0.05|7,1hufA00|target|target,1hufA00,0.05,target,0.6804351639958763,0.792,92.1439837398374,0.7634,ok,
1hufA00|target|target|T0.1|0,1hufA00|target|target,1hufA00,0.1,target,0.6455819013230366,0.792,89.0830894308943,0.5752,ok,
1hufA00|target|target|T0.1|1,1hufA00|target|target,1hufA00,0.1,target,0.8299172128348258,0.6944,85.01739837398374,1.0309,ok,
1hufA00|target|target|T0.1|2,1hufA00|target|target,1hufA00,0.1,target,0.8080010059367984,0.7339,81.32430894308942,2.5086,ok,
1hufA00|target|target|T0.1|3,1hufA00|target|target,1hufA00,0.1,target,0.619129174978139,0.781,95.17032520325203,0.6154,ok,
1hufA00|target|target|T0.1|4,1hufA00|target|target,1hufA00,0.1,target,0.693026953081414,0.8011,94.53382113821138,0.4757,ok,
1hufA00|target|target|T0.1|5,1hufA00|target|target,1hufA00,0.1,target,0.7747705314735885,0.7386,91.26032520325204,0.5144,ok,
1hufA00|target|target|T0.1|6,1hufA00|target|target,1hufA00,0.1,target,0.8156996841740399,0.7754,94.61162601626016,0.7255,ok,
1hufA00|target|target|T0.1|7,1hufA00|target|target,1hufA00,0.1,target,0.7293929245796031,0.7661,91.15357723577235,0.7287,ok,
1hufA00|target|target|T0.2|0,1hufA00|target|target,1hufA00,0.2,target,0.6466972334423038,0.7858,83.62577235772358,2.0847,ok,
1hufA00|target|target|T0.2|1,1hufA00|target|target,1hufA00,0.2,target,0.8159440037589035,0.7664,93.5319512195122,0.679,ok,
1hufA00|target|target|T0.2|2,1hufA00|target|target,1hufA00,0.2,target,0.8112589578986253,0.7463,90.09569105691057,0.4994,ok,
1hufA00|target|target|T0.2|3,1hufA00|target|target,1hufA00,0.2,target,0.8198190396242895,0.7347,72.57552845528456,3.6347,ok,
1hufA00|target|target|T0.2|4,1hufA00|target|target,1hufA00,0.2,target,0.7842710124823306,0.7714,68.40869918699187,3.0594,ok,
1hufA00|target|target|T0.2|5,1hufA00|target|target,1hufA00,0.2,target,0.7367109403726939,0.7945,97.16861788617886,0.7363,ok,
1hufA00|target|target|T0.2|7,1hufA00|target|target,1hufA00,0.2,target,0.6729649763894909,0.7874,92.64333333333333,0.8073,ok,
1hufA00|target|target|T0.3|1,1hufA00|target|target,1hufA00,0.3,target,0.6001712886502466,0.8058,95.32983739837398,0.4878,ok,
1hufA00|target|target|T0.3|0,1hufA00|target|target,1hufA00,0.3,target,0.6570287833920306,0.7998,93.80040650406505,0.656,ok,
1hufA00|target|target|T0.2|6,1hufA00|target|target,1hufA00,0.2,target,0.5633967870665254,0.8214,95.11756097560975,0.78,ok,
1hufA00|target|target|T0.3|2,1hufA00|target|target,1hufA00,0.3,target,0.7039838628175046,0.8467,86.21276422764228,1.4453,ok,
1hufA00|target|target|T0.3|5,1hufA00|target|target,1hufA00,0.3,target,0.7209680019653504,0.8751,86.11284552845528,0.9362,ok,
1hufA00|target|target|T0.3|4,1hufA00|target|target,1hufA00,0.3,target,0.7605636817074372,0.8526,86.00926829268292,2.2808,ok,
1hufA00|target|target|T0.3|7,1hufA00|target|target,1hufA00,0.3,target,0.7850951850095216,0.8036,92.72975609756098,0.7994,ok,
1hufA00|target|target|T0.3|6,1hufA00|target|target,1hufA00,0.3,target,0.4232933503642863,0.8666,94.88796747967478,0.6622,ok,
1jygA00|target|target|T0.05|0,1jygA00|target|target,1jygA00,0.05,target,0.8621238926552874,1.1149,71.10797101449275,9.3829,ok,
1jygA00|target|target|T0.05|2,1jygA00|target|target,1jygA00,0.05,target,0.9411535011700478,1.0291,81.45376811594204,4.4969,ok,
1jygA00|target|target|T0.05|3,1jygA00|target|target,1jygA00,0.05,target,0.8871574494737052,1.0853,72.80333333333334,10.0279,ok,
1jygA00|target|target|T0.05|1,1jygA00|target|target,1jygA00,0.05,target,0.8558042063887263,1.0943,73.18260869565218,6.4034,ok,
1jygA00|target|target|T0.05|5,1jygA00|target|target,1jygA00,0.05,target,0.744734697450293,1.0361,76.36550724637682,3.7339,ok,
1hufA00|target|target|T0.3|3,1hufA00|target|target,1hufA00,0.3,target,0.795601089815287,0.7917,87.67292682926829,0.9011,ok,
1jygA00|target|target|T0.05|4,1jygA00|target|target,1jygA00,0.05,target,0.7958538996495435,1.0689,79.53420289855072,5.053,ok,
1jygA00|target|target|T0.1|0,1jygA00|target|target,1jygA00,0.1,target,0.8603921345995111,1.1162,82.48463768115941,5.3846,ok,
1jygA00|target|target|T0.05|6,1jygA00|target|target,1jygA00,0.05,target,0.8309624556741058,1.0828,77.15884057971014,4.9281,ok,
1jygA00|target|target|T0.1|1,1jygA00|target|target,1jygA00,0.1,target,0.8157953173742334,1.0473,87.64608695652174,4.7301,ok,
1jygA00|target|target|T0.1|2,1jygA00|target|target,1jygA00,0.1,target,0.8230851775879314,1.1337,86.16101449275362,4.3719,ok,
1jygA00|target|target|T0.05|7,1jygA00|target|target,1jygA00,0.05,target,0.8603921345995111,1.1386,85.67304347826087,4.4977,ok,
1jygA00|target|target|T0.1|3,1jygA00|target|target,1jygA00,0.1,target,0.8561615285443216,1.1201,76.4268115942029,9.4353,ok,
1jygA00|target|target|T0.1|4,1jygA00|target|target,1jygA00,0.1,target,0.8990457670210917,1.0642,85.42565217391304,4.4113,ok,
1jygA00|target|target|T0.1|7,1jygA00|target|target,1jygA00,0.1,target,0.8341946383088791,1.0968,81.9536231884058,5.0012,ok,
1jygA00|target|target|T0.1|5,1jygA00|target|target,1jygA00,0.1,target,0.9188815190685702,1.0837,78.88376811594202,5.5933,ok,
1jygA00|target|target|T0.2|0,1jygA00|target|target,1jygA00,0.2,target,0.7090994838828198,1.0792,85.63985507246376,5.9016,ok,
1jygA00|target|target|T0.2|1,1jygA00|target|target,1jygA00,0.2,target,0.779375188587483,1.0832,82.09623188405797,4.5812,ok,
1jygA00|target|target|T0.2|2,1jygA00|target|target,1jygA00,0.2,target,0.8781549029841081,1.0552,75.7431884057971,3.5031,ok,
1jygA00|target|target|T0.1|6,1jygA00|target|target,1jygA00,0.1,target,0.8361894914287956,1.0728,82.66884057971014,4.2192,ok,
1jygA00|target|target|T0.2|3,1jygA00|target|target,1jygA00,0.2,target,0.9133136247642938,1.1127,74.25536231884058,6.3255,ok,
1jygA00|target|target|T0.2|5,1jygA00|target|target,1jygA00,0.2,target,0.7272807230088584,1.1541,82.96,5.348,ok,
1jygA00|target|target|T0.2|4,1jygA00|target|target,1jygA00,0.2,target,0.9006133266035713,1.0611,78.7431884057971,5.928,ok,
1jygA00|target|target|T0.2|6,1jygA00|target|target,1jygA00,0.2,target,0.8740652709586111,1.0683,81.50376811594204,4.3063,ok,
1jygA00|target|target|T0.2|7,1jygA00|target|target,1jygA00,0.2,target,0.8971892417240785,1.1588,70.83347826086957,3.2314,ok,
1jygA00|target|target|T0.3|1,1jygA00|target|target,1jygA00,0.3,target,0.88540466385509,1.2657,78.13376811594202,4.5933,ok,
1jygA00|target|target|T0.3|2,1jygA00|target|target,1jygA00,0.3,target,0.8651955609446681,1.2025,80.0763768115942,4.4491,ok,
1jygA00|target|target|T0.3|0,1jygA00|target|target,1jygA00,0.3,target,0.8341946383088791,1.2057,69.10289855072465,4.6526,ok,
1jygA00|target|target|T0.3|4,1jygA00|target|target,1jygA00,0.3,target,0.8781549029841081,1.2077,76.94840579710144,5.2377,ok,
1jygA00|target|target|T0.3|5,1jygA00|target|target,1jygA00,0.3,target,0.7587954579574099,1.1494,76.18739130434783,4.9184,ok,
1jygA00|target|target|T0.3|3,1jygA00|target|target,1jygA00,0.3,target,0.8209649104253872,1.2992,80.89710144927535,4.5723,ok,
1jygA00|target|target|T0.3|7,1jygA00|target|target,1jygA00,0.3,target,0.8521902791991254,1.1811,76.82115942028986,6.1881,ok,
1jygA00|target|target|T0.3|6,1jygA00|target|target,1jygA00,0.3,target,0.9146806656296897,1.2413,77.08449275362318,4.7108,ok,
1ktuA00|target|target|T0.05|0,1ktuA00|target|target,1ktuA00,0.05,target,0.7307284726257022,1.1543,49.66881118881119,13.6209,ok,
1ktuA00|target|target|T0.05|2,1ktuA00|target|target,1ktuA00,0.05,target,0.6156319989687,1.1284,51.88293706293707,8.6722,ok,
1ktuA00|target|target|T0.05|3,1ktuA00|target|target,1ktuA00,0.05,target,0.7141864108590215,1.2358,55.649440559440556,6.6171,ok,
1ktuA00|target|target|T0.05|1,1ktuA00|target|target,1ktuA00,0.05,target,0.6113207038367112,1.1869,48.615524475524474,11.6339,ok,
1ktuA00|target|target|T0.05|4,1ktuA00|target|target,1ktuA00,0.05,target,0.6999947220194299,1.1466,50.52839160839161,6.1959,ok,
1ktuA00|target|target|T0.05|7,1ktuA00|target|target,1ktuA00,0.05,target,0.7821162900349237,1.2167,58.24006993006993,6.2892,ok,
1ktuA00|target|target|T0.05|5,1ktuA00|target|target,1ktuA00,0.05,target,0.377639276819499,1.1501,52.73629370629371,15.7143,ok,
1ktuA00|target|target|T0.1|0,1ktuA00|target|target,1ktuA00,0.1,target,0.8078474907785252,1.1585,56.2372027972028,5.6758,ok,
1ktuA00|target|target|T0.1|1,1ktuA00|target|target,1ktuA00,0.1,target,0.6654845083123107,1.1543,53.35531468531469,6.2236,ok,
1ktuA00|target|target|T0.1|3,1ktuA00|target|target,1ktuA00,0.1,target,0.6722989611875344,1.1952,47.70167832167832,6.2216,ok,
1ktuA00|target|target|T0.1|2,1ktuA00|target|target,1ktuA00,0.1,target,0.5128642931893488,1.1527,51.10650349650349,7.9971,ok,
1ktuA00|target|target|T0.05|6,1ktuA00|target|target,1ktuA00,0.05,target,0.8028045766318863,1.2093,43.635874125874125,13.737,ok,
1ktuA00|target|target|T0.1|6,1ktuA00|target|target,1ktuA00,0.1,target,0.6199252044969958,1.1533,51.87447552447553,5.7523,ok,
1ktuA00|target|target|T0.1|7,1ktuA00|target|target,1ktuA00,0.1,target,0.5107675657770213,1.2267,52.40881118881119,6.5181,ok,
1ktuA00|target|target|T0.1|4,1ktuA00|target|target,1ktuA00,0.1,target,0.7455930430848675,1.2092,46.47769230769231,7.8317,ok,
1ktuA00|target|target|T0.2|0,1ktuA00|target|target,1ktuA00,0.2,target,0.7209885888928156,1.3005,46.105384615384615,6.6848,ok,
1ktuA00|target|target|T0.2|2,1ktuA00|target|target,1ktuA00,0.2,target,0.7453276595847287,1.3051,50.55293706293706,5.8173,ok,
1ktuA00|target|target|T0.2|3,1ktuA00|target|target,1ktuA00,0.2,target,0.7017540145928184,1.2634,52.13881118881119,6.3898,ok,
1ktuA00|target|target|T0.2|1,1ktuA00|target|target,1ktuA00,0.2,target,0.5539154368487548,1.2532,39.5551048951049,13.9308,ok,
1ktuA00|target|target|T0.2|5,1ktuA00|target|target,1ktuA00,0.2,target,0.2763744361641215,1.1714,40.59552447552448,20.8169,ok,
1ktuA00|target|target|T0.2|6,1ktuA00|target|target,1ktuA00,0.2,target,0.8219756173289297,1.2163,66.98461538461538,6.7282,ok,
1ktuA00|target|target|T0.1|5,1ktuA00|target|target,1ktuA00,0.1,target,0.5874821617669551,1.1585,45.44482517482517,13.7668,ok,
1ktuA00|target|target|T0.2|7,1ktuA00|target|target,1ktuA00,0.2,target,0.35427970079015314,1.1818,50.91517482517482,11.5266,ok,
1ktuA00|target|target|T0.3|0,1ktuA00|target|target,1ktuA00,0.3,target,0.7389039746948595,1.3842,43.86125874125874,17.9513,ok,
1ktuA00|target|target|T0.3|1,1ktuA00|target|target,1ktuA00,0.3,target,0.8697806796567993,1.2884,44.4,15.3692,ok,
1ktuA00|target|target|T0.3|3,1ktuA00|target|target,1ktuA00,0.3,target,0.4681550518609572,1.373,38.75622377622378,14.8774,ok,
1ktuA00|target|target|T0.3|4,1ktuA00|target|target,1ktuA00,0.3,target,0.5027272456802617,1.3912,40.08825174825175,16.8509,ok,
1ktuA00|target|target|T0.3|2,1ktuA00|target|target,1ktuA00,0.3,target,0.6964584242930397,1.356,39.346013986013986,10.5675,ok,
1ktuA00|target|target|T0.2|4,1ktuA00|target|target,1ktuA00,0.2,target,0.7386340595295138,1.2368,44.404895104895104,9.5487,ok,
1ktuA00|target|target|T0.3|5,1ktuA00|target|target,1ktuA00,0.3,target,0.7477095441849398,1.3601,31.533496503496504,10.2903,ok,
1ktuA00|target|target|T0.3|7,1ktuA00|target|target,1ktuA00,0.3,target,0.7760991431139188,1.3761,44.37776223776224,7.2868,ok,
1l5cA00|target|target|T0.05|0,1l5cA00|target|target,1l5cA00,0.05,target,0.2829247145070276,1.1913,49.64065217391304,12.5868,ok,
1ktuA00|target|target|T0.3|6,1ktuA00|target|target,1ktuA00,0.3,target,0.692005182775438,1.3015,59.32573426573426,6.963,ok,
1l5cA00|target|target|T0.05|3,1l5cA00|target|target,1l5cA00,0.05,target,0.16683020898946063,1.1199,38.83282608695652,12.4353,ok,
1l5cA00|target|target|T0.05|2,1l5cA00|target|target,1l5cA00,0.05,target,0.21533811605429432,1.1938,40.55065217391304,12.8576,ok,
1l5cA00|target|target|T0.05|1,1l5cA00|target|target,1l5cA00,0.05,target,0.46971104512472467,1.2396,49.38630434782608,14.4795,ok,
1l5cA00|target|target|T0.05|4,1l5cA00|target|target,1l5cA00,0.05,target,0.12201577778326488,1.1057,45.032826086956526,12.2727,ok,
1l5cA00|target|target|T0.05|5,1l5cA00|target|target,1l5cA00,0.05,target,0.12795856551584456,1.091,51.92684782608696,14.8879,ok,
1l5cA00|target|target|T0.05|6,1l5cA00|target|target,1l5cA00,0.05,target,0.431520024277951,1.3155,65.68728260869565,12.9098,ok,
1l5cA00|target|target|T0.05|7,1l5cA00|target|target,1l5cA00,0.05,target,0.2127780090908147,1.1923,50.88652173913044,13.0001,ok,
1l5cA00|target|target|T0.1|2,1l5cA00|target|target,1l5cA00,0.1,target,0.31198198740586114,1.2099,49.65619565217391,13.1102,ok,
1l5cA00|target|target|T0.1|1,1l5cA00|target|target,1l5cA00,0.1,target,0.40298486046707943,1.3004,54.25402173913044,13.3682,ok,
1l5cA00|target|target|T0.1|4,1l5cA00|target|target,1l5cA00,0.1,target,0.27548754743117077,1.1981,62.1229347826087,8.2538,ok,
1l5cA00|target|target|T0.1|3,1l5cA00|target|target,1l5cA00,0.1,target,0.2698827777751688,1.2144,35.12869565217392,13.5634,ok,
1l5cA00|target|target|T0.1|5,1l5cA00|target|target,1l5cA00,0.1,target,0.2258011666055764,1.1991,62.74217391304347,16.2384,ok,
1l5cA00|target|target|T0.1|6,1l5cA00|target|target,1l5cA00,0.1,target,0.280724727931195,1.1867,55.5695652173913,14.9448,ok,
1l5cA00|target|target|T0.2|0,1l5cA00|target|target,1l5cA00,0.2,target,0.6112592953978954,1.3252,68.80021739130434,5.0332,ok,
1l5cA00|target|target|T0.1|0,1l5cA00|target|target,1l5cA00,0.1,target,0.1900684884998206,1.1495,46.66217391304348,13.7972,ok,
1l5cA00|target|target|T0.1|7,1l5cA00|target|target,1l5cA00,0.1,target,0.39985076566566446,1.2605,53.64369565217392,8.3435,ok,
1l5cA00|target|target|T0.2|1,1l5cA00|target|target,1l5cA00,0.2,target,0.44436180164730105,1.3135,56.38793478260869,12.8396,ok,
1l5cA00|target|target|T0.2|2,1l5cA00|target|target,1l5cA00,0.2,target,0.2045231019379381,1.2202,40.06478260869565,9.5658,ok,
1l5cA00|target|target|T0.2|4,1l5cA00|target|target,1l5cA00,0.2,target,0.4134878587017802,1.3193,42.6429347826087,16.3947,ok,
1l5cA00|target|target|T0.2|3,1l5cA00|target|target,1l5cA00,0.2,target,0.19788511393986988,1.2027,59.199673913043476,16.7135,ok,
1l5cA00|target|target|T0.2|6,1l5cA00|target|target,1l5cA00,0.2,target,0.15395488984288497,1.208,47.16184782608696,16.964,ok,
1l5cA00|target|target|T0.2|7,1l5cA00|target|target,1l5cA00,0.2,target,0.22127341911338907,1.1592,45.76413043478261,18.005,ok,
1l5cA00|target|target|T0.3|0,1l5cA00|target|target,1l5cA00,0.3,target,0.4610572926635054,1.413,65.90423913043479,4.8204,ok,
1l5cA00|target|target|T0.3|2,1l5cA00|target|target,1l5cA00,0.3,target,0.6778509377947672,1.4944,51.54934782608696,22.1213,ok,
1l5cA00|target|target|T0.2|5,1l5cA00|target|target,1l5cA00,0.2,target,0.2860221653936879,1.2327,62.85260869565217,12.744,ok,
1l5cA00|target|target|T0.3|3,1l5cA00|target|target,1l5cA00,0.3,target,0.300437080216122,1.3186,54.15619565217391,12.6981,ok,
1l5cA00|target|target|T0.3|1,1l5cA00|target|target,1l5cA00,0.3,target,0.12651015601595036,1.1841,46.74858695652174,15.88,ok,
1l5cA00|target|target|T0.3|5,1l5cA00|target|target,1l5cA00,0.3,target,0.3766215306681548,1.4572,42.13532608695652,13.2256,ok,
1l5cA00|target|target|T0.3|4,1l5cA00|target|target,1l5cA00,0.3,target,0.17958960299767235,1.2766,52.27739130434783,13.7719,ok,
1nr3A00|target|target|T0.05|0,1nr3A00|target|target,1nr3A00,0.05,target,0.8848998780425821,1.5002,75.97385245901638,36.7425,ok,
1l5cA00|target|target|T0.3|6,1l5cA00|target|target,1l5cA00,0.3,target,0.07528108764950583,1.1742,50.12967391304348,14.0313,ok,
1nr3A00|target|target|T0.05|1,1nr3A00|target|target,1nr3A00,0.05,target,0.857789354011301,1.469,49.974344262295084,15.0999,ok,
1l5cA00|target|target|T0.3|7,1l5cA00|target|target,1l5cA00,0.3,target,0.3299832382622672,1.3311,37.517391304347825,13.192,ok,
1nr3A00|target|target|T0.05|3,1nr3A00|target|target,1nr3A00,0.05,target,0.8775230450649121,1.4996,48.8016393442623,18.9327,ok,
1nr3A00|target|target|T0.05|4,1nr3A00|target|target,1nr3A00,0.05,target,0.9101184421241871,1.4704,52.55795081967213,14.2766,ok,
1nr3A00|target|target|T0.05|6,1nr3A00|target|target,1nr3A00,0.05,target,0.8563837500622538,1.4848,62.4527868852459,19.0757,ok,
1nr3A00|target|target|T0.05|7,1nr3A00|target|target,1nr3A00,0.05,target,0.8996887025122756,1.5055,56.04655737704918,23.2759,ok,
1nr3A00|target|target|T0.05|5,1nr3A00|target|target,1nr3A00,0.05,target,0.6620535552506923,1.4711,47.05885245901639,12.8495,ok,
1nr3A00|target|target|T0.1|1,1nr3A00|target|target,1nr3A00,0.1,target,0.661319596610356,1.5589,45.780163934426234,13.6328,ok,
1nr3A00|target|target|T0.1|0,1nr3A00|target|target,1nr3A00,0.1,target,0.8537426792899767,1.5647,65.82352459016394,31.6345,ok,
1nr3A00|target|target|T0.1|2,1nr3A00|target|target,1nr3A00,0.1,target,0.8370435949604322,1.5462,46.68073770491804,17.6065,ok,
1nr3A00|target|target|T0.1|3,1nr3A00|target|target,1nr3A00,0.1,target,0.8136795175798966,1.5554,48.170901639344265,14.3245,ok,
1nr3A00|target|target|T0.1|5,1nr3A00|target|target,1nr3A00,0.1,target,0.7441289977023618,1.5262,44.38729508196721,13.0589,ok,
1nr3A00|target|target|T0.05|2,1nr3A00|target|target,1nr3A00,0.05,target,0.8131819401892849,1.5085,45.27540983606558,15.4274,ok,
1nr3A00|target|target|T0.1|4,1nr3A00|target|target,1nr3A00,0.1,target,0.8343424621099841,1.5296,54.40467213114754,16.4713,ok,
1nr3A00|target|target|T0.1|6,1nr3A00|target|target,1nr3A00,0.1,target,0.7869914780509818,1.5382,54.90418032786886,14.4595,ok,
1nr3A00|target|target|T0.2|0,1nr3A00|target|target,1nr3A00,0.2,target,0.793780993253321,1.6146,42.16213114754098,19.5891,ok,
1nr3A00|target|target|T0.1|7,1nr3A00|target|target,1nr3A00,0.1,target,0.9247372688993356,1.5157,71.49352459016393,33.9026,ok,
1nr3A00|target|target|T0.2|2,1nr3A00|target|target,1nr3A00,0.2,target,0.8224615829194448,1.6833,50.82598360655738,12.7434,ok,
1nr3A00|target|target|T0.2|3,1nr3A00|target|target,1nr3A00,0.2,target,0.5070487133244382,1.5098,56.66704918032787,13.5049,ok,
1nr3A00|target|target|T0.2|1,1nr3A00|target|target,1nr3A00,0.2,target,0.5721165302514042,1.5891,41.580983606557375,15.6384,ok,
1nr3A00|target|target|T0.2|5,1nr3A00|target|target,1nr3A00,0.2,target,0.7964515591256306,1.6385,56.068934426229504,11.1569,ok,
1nr3A00|target|target|T0.2|6,1nr3A00|target|target,1nr3A00,0.2,target,0.7603184569422721,1.6675,41.46770491803279,15.5306,ok,
1nr3A00|target|target|T0.2|4,1nr3A00|target|target,1nr3A00,0.2,target,0.8757502054525748,1.5632,67.70008196721311,38.7931,ok,
1nr3A00|target|target|T0.3|0,1nr3A00|target|target,1nr3A00,0.3,target,0.857589258367183,1.7542,80.38270491803279,37.8863,ok,
1nr3A00|target|target|T0.2|7,1nr3A00|target|target,1nr3A00,0.2,target,0.7150421057009897,1.6446,41.903196721311474,9.3362,ok,
1nr3A00|target|target|T0.3|3,1nr3A00|target|target,1nr3A00,0.3,target,0.8248426888129405,1.8027,36.260327868852464,17.3252,ok,
1nr3A00|target|target|T0.3|2,1nr3A00|target|target,1nr3A00,0.3,target,0.5090973565703121,1.6395,47.676475409836065,14.4712,ok,
1nr3A00|target|target|T0.3|4,1nr3A00|target|target,1nr3A00,0.3,target,0.6744094308156529,1.7711,50.5438524590164,10.9356,ok,
1nr3A00|target|target|T0.3|5,1nr3A00|target|target,1nr3A00,0.3,target,0.828832723353241,1.7821,47.8944262295082,12.6945,ok,
1nr3A00|target|target|T0.3|1,1nr3A00|target|target,1nr3A00,0.3,target,0.8156596078417442,1.8307,44.49639344262295,16.7132,ok,
1o8rA00|target|target|T0.05|0,1o8rA00|target|target,1o8rA00,0.05,target,0.6326039783300037,1.2517,64.01670212765957,18.669,ok,
1nr3A00|target|target|T0.3|6,1nr3A00|target|target,1nr3A00,0.3,target,0.870668816881741,1.6962,57.62516393442623,10.0913,ok,
1o8rA00|target|target|T0.05|1,1o8rA00|target|target,1o8rA00,0.05,target,0.6583995558751286,1.2299,53.261595744680854,17.9303,ok,
1o8rA00|target|target|T0.05|2,1o8rA00|target|target,1o8rA00,0.05,target,0.509785984209225,1.1462,57.78702127659574,21.3656,ok,
1o8rA00|target|target|T0.05|4,1o8rA00|target|target,1o8rA00,0.05,target,0.7124338290116411,1.2235,52.82936170212766,12.8559,ok,
1o8rA00|target|target|T0.05|5,1o8rA00|target|target,1o8rA00,0.05,target,0.5156332006065616,1.1547,48.97287234042553,13.0464,ok,
1nr3A00|target|target|T0.3|7,1nr3A00|target|target,1nr3A00,0.3,target,0.5809214986394118,1.7877,60.393524590163935,18.9602,ok,
1o8rA00|target|target|T0.05|3,1o8rA00|target|target,1o8rA00,0.05,target,0.7287095291282601,1.2309,58.18095744680851,21.4298,ok,
1o8rA00|target|target|T0.1|0,1o8rA00|target|target,1o8rA00,0.1,target,0.5922299290919214,1.2062,54.626382978723406,16.7923,ok,
1o8rA00|target|target|T0.1|1,1o8rA00|target|target,1o8rA00,0.1,target,0.7621822091754328,1.2338,57.427340425531916,15.8025,ok,
1o8rA00|target|target|T0.1|2,1o8rA00|target|target,1o8rA00,0.1,target,0.6458509920721172,1.2467,60.452553191489365,22.8724,ok,
1o8rA00|target|target|T0.05|7,1o8rA00|target|target,1o8rA00,0.05,target,0.6883336442792994,1.2112,57.25287234042553,23.777,ok,
1o8rA00|target|target|T0.1|4,1o8rA00|target|target,1o8rA00,0.1,target,0.7071748195508474,1.2315,61.6031914893617,19.0103,ok,
1o8rA00|target|target|T0.1|3,1o8rA00|target|target,1o8rA00,0.1,target,0.6579208637039554,1.2602,54.53765957446809,18.6482,ok,
1o8rA00|target|target|T0.1|5,1o8rA00|target|target,1o8rA00,0.1,target,0.7227808814150563,1.2513,60.40595744680851,26.0083,ok,
1o8rA00|target|target|T0.1|7,1o8rA00|target|target,1o8rA00,0.1,target,0.4906393916833669,1.2641,55.12946808510638,18.8981,ok,
1o8rA00|target|target|T0.2|0,1o8rA00|target|target,1o8rA00,0.2,target,0.6191536488052185,1.2814,51.60393617021277,12.9889,ok,
1o8rA00|target|target|T0.05|6,1o8rA00|target|target,1o8rA00,0.05,target,0.4863863442750474,1.2877,53.5804255319149,19.8663,ok,
1o8rA00|target|target|T0.2|2,1o8rA00|target|target,1o8rA00,0.2,target,0.7206442560534669,1.3003,57.40904255319149,23.0885,ok,
1o8rA00|target|target|T0.2|1,1o8rA00|target|target,1o8rA00,0.2,target,0.5384346666415147,1.2215,58.227659574468085,18.0084,ok,
1o8rA00|target|target|T0.1|6,1o8rA00|target|target,1o8rA00,0.1,target,0.6583995558751286,1.2975,52.856808510638295,16.9523,ok,
1o8rA00|target|target|T0.2|3,1o8rA00|target|target,1o8rA00,0.2,target,0.6365509944374981,1.2746,63.649361702127656,17.3364,ok,
1o8rA00|target|target|T0.2|5,1o8rA00|target|target,1o8rA00,0.2,target,0.5668317176859206,1.3253,52.10340425531915,10.5867,ok,
1o8rA00|target|target|T0.2|4,1o8rA00|target|target,1o8rA00,0.2,target,0.6679046737125812,1.3153,61.98276595744681,23.5374,ok,
1o8rA00|target|target|T0.2|6,1o8rA00|target|target,1o8rA00,0.2,target,0.7480209631778236,1.3046,52.420851063829794,17.0208,ok,
1o8rA00|target|target|T0.3|0,1o8rA00|target|target,1o8rA00,0.3,target,0.5484643826183678,1.4302,51.892553191489355,16.2304,ok,
1o8rA00|target|target|T0.3|2,1o8rA00|target|target,1o8rA00,0.3,target,0.518820890539655,1.3762,45.969468085106385,12.1181,ok,
1o8rA00|target|target|T0.3|3,1o8rA00|target|target,1o8rA00,0.3,target,0.7159083623135283,1.492,65.65585106382979,20.1048,ok,
1o8rA00|target|target|T0.3|1,1o8rA00|target|target,1o8rA00,0.3,target,0.4927664621610413,1.4424,55.42531914893617,18.5481,ok,
1o8rA00|target|target|T0.2|7,1o8rA00|target|target,1o8rA00,0.2,target,0.5065953621204484,1.2339,40.67117021276596,17.185,ok,
1o8rA00|target|target|T0.3|5,1o8rA00|target|target,1o8rA00,0.3,target,0.7625676546305594,1.4006,62.30776595744681,21.4717,ok,
1o8rA00|target|target|T0.3|7,1o8rA00|target|target,1o8rA00,0.3,target,0.6316144163986352,1.4964,50.1231914893617,16.3728,ok,
1o8rA00|target|target|T0.3|6,1o8rA00|target|target,1o8rA00,0.3,target,0.6569625147496505,1.3835,55.9704255319149,16.5113,ok,
1o8rA00|target|target|T0.3|4,1o8rA00|target|target,1o8rA00,0.3,target,0.507658975350731,1.3468,56.86882978723404,22.1742,ok,
2wejA00|target|target|T0.05|1,2wejA00|target|target,2wejA00,0.05,target,0.7383430998525661,0.7732,96.89374517374517,0.6332,ok,
2wejA00|target|target|T0.05|2,2wejA00|target|target,2wejA00,0.05,target,0.668341840320129,0.7557,96.67714285714285,0.6843,ok,
2wejA00|target|target|T0.05|0,2wejA00|target|target,2wejA00,0.05,target,0.6572975277774722,0.7749,96.01953667953669,0.6955,ok,
2wejA00|target|target|T0.05|3,2wejA00|target|target,2wejA00,0.05,target,0.6709043173001967,0.7653,95.9757915057915,0.6523,ok,
2wejA00|target|target|T0.05|4,2wejA00|target|target,2wejA00,0.05,target,0.6902056873464335,0.7672,96.00150579150579,0.7481,ok,
2wejA00|target|target|T0.05|5,2wejA00|target|target,2wejA00,0.05,target,0.6734566691464182,0.7487,95.0403474903475,0.6428,ok,
2wejA00|target|target|T0.05|6,2wejA00|target|target,2wejA00,0.05,target,0.6388077192800042,0.7664,93.93938223938224,0.8145,ok,
2wejA00|target|target|T0.05|7,2wejA00|target|target,2wejA00,0.05,target,0.66215126316724,0.7584,95.28239382239381,0.6179,ok,
2wejA00|target|target|T0.1|0,2wejA00|target|target,2wejA00,0.1,target,0.6142408123455243,0.772,95.64938223938223,0.6573,ok,
2wejA00|target|target|T0.1|1,2wejA00|target|target,2wejA00,0.1,target,0.6235294056153478,0.7673,95.26467181467181,0.6853,ok,
2wejA00|target|target|T0.1|2,2wejA00|target|target,2wejA00,0.1,target,0.6193512126192385,0.7786,94.98756756756757,0.7126,ok,
2wejA00|target|target|T0.1|3,2wejA00|target|target,2wejA00,0.1,target,0.6238918699617475,0.7604,95.72563706563706,0.8039,ok,
2wejA00|target|target|T0.1|4,2wejA00|target|target,2wejA00,0.1,target,0.6853971191904505,0.7653,96.56548262548262,0.7636,ok,
2wejA00|target|target|T0.1|5,2wejA00|target|target,2wejA00,0.1,target,0.5772527651413004,0.755,94.91501930501931,0.6766,ok,
2wejA00|target|target|T0.1|6,2wejA00|target|target,2wejA00,0.1,target,0.6652536613897342,0.779,95.84687258687259,0.6469,ok,
2wejA00|target|target|T0.1|7,2wejA00|target|target,2wejA00,0.1,target,0.6202610443018375,0.7774,95.39200772200772,0.6674,ok,
2wejA00|target|target|T0.2|0,2wejA00|target|target,2wejA00,0.2,target,0.649603611751984,0.8023,95.30594594594595,0.8045,ok,
2wejA00|target|target|T0.2|1,2wejA00|target|target,2wejA00,0.2,target,0.6847307059464147,0.776,96.16633204633206,0.686,ok,
2wejA00|target|target|T0.2|2,2wejA00|target|target,2wejA00,0.2,target,0.678698972952899,0.7858,94.88108108108108,0.6744,ok,
2wejA00|target|target|T0.2|3,2wejA00|target|target,2wejA00,0.2,target,0.6269671822245744,0.7909,95.22822393822393,0.6624,ok,
2wejA00|target|target|T0.2|4,2wejA00|target|target,2wejA00,0.2,target,0.6388077192800042,0.7846,94.5530501930502,0.7087,ok,
2wejA00|target|target|T0.2|5,2wejA00|target|target,2wejA00,0.2,target,0.6469625539698688,0.7675,95.73737451737452,0.6591,ok,
2wejA00|target|target|T0.2|6,2wejA00|target|target,2wejA00,0.2,target,0.6671425842684358,0.7983,95.99405405405405,0.6155,ok,
2wejA00|target|target|T0.2|7,2wejA00|target|target,2wejA00,0.2,target,0.7265409290308118,0.7849,96.09714285714286,0.6109,ok,
2wejA00|target|target|T0.3|0,2wejA00|target|target,2wejA00,0.3,target,0.6892141351648422,0.854,95.05513513513513,0.6574,ok,
2wejA00|target|target|T0.3|1,2wejA00|target|target,2wejA00,0.3,target,0.700510444043723,0.8043,95.98050193050193,0.5757,ok,
2wejA00|target|target|T0.3|2,2wejA00|target|target,2wejA00,0.3,target,0.7236162761198995,0.832,96.43617760617761,0.6888,ok,
2wejA00|target|target|T0.3|3,2wejA00|target|target,2wejA00,0.3,target,0.6427181823910325,0.823,95.23988416988418,0.9655,ok,
2wejA00|target|target|T0.3|4,2wejA00|target|target,2wejA00,0.3,target,0.6559046266463915,0.7852,95.84177606177606,0.6103,ok,
2wejA00|target|target|T0.3|5,2wejA00|target|target,2wejA00,0.3,target,0.6581667188449879,0.8344,96.03602316602317,0.6658,ok,
2wejA00|target|target|T0.3|6,2wejA00|target|target,2wejA00,0.3,target,0.730207515832545,0.8481,96.26146718146718,0.6693,ok,
2wejA00|target|target|T0.3|7,2wejA00|target|target,2wejA00,0.3,target,0.7263874819577293,0.8427,96.05316602316603,0.6433,ok,
