sequence_id,backbone_key,target_id,temperature,backbone_source,soluprot,global_score,plddt,rmsd,rmsd_all_ca,rmsd_all_positions,rmsd_method,rmsd_n_positions,af2_model_preset,af2_db_preset,af2_max_template_date,status,error
1af7A01|target|target|T0.05|0,1af7A01|target|target,1af7A01,0.05,target,0.8153211183162382,0.8586,94.27700729927008,34.2659,3.0205,17.3498,ca_rmsd_dssp_non_loop,167,monomer,full_dbs,2020-05-14,ok,
1af7A01|target|target|T0.05|1,1af7A01|target|target,1af7A01,0.05,target,0.8159796498626624,0.888,93.47222627737226,15.7602,1.3927,16.8011,ca_rmsd_dssp_non_loop,167,monomer,full_dbs,2020-05-14,ok,
1af7A01|target|target|T0.05|3,1af7A01|target|target,1af7A01,0.05,target,0.7600304969372743,0.8596,94.22532846715329,16.9671,1.7754,16.8378,ca_rmsd_dssp_non_loop,167,monomer,full_dbs,2020-05-14,ok,
1af7A01|target|target|T0.05|2,1af7A01|target|target,1af7A01,0.05,target,0.7710342884129364,0.8657,93.47755474452555,29.3562,1.8326,17.8365,ca_rmsd_dssp_non_loop,167,monomer,full_dbs,2020-05-14,ok,
1af7A01|target|target|T0.05|4,1af7A01|target|target,1af7A01,0.05,target,0.8078435289812191,0.8528,93.08627737226277,26.6706,1.9052,17.5789,ca_rmsd_dssp_non_loop,167,monomer,full_dbs,2020-05-14,ok,
1af7A01|target|target|T0.05|5,1af7A01|target|target,1af7A01,0.05,target,0.7716779590768801,0.8936,94.30605839416059,25.6729,1.5562,17.9837,ca_rmsd_dssp_non_loop,167,monomer,full_dbs,2020-05-14,ok,
1af7A01|target|target|T0.05|6,1af7A01|target|target,1af7A01,0.05,target,0.828147502372364,0.8709,93.90295620437956,15.8801,1.6565,16.8186,ca_rmsd_dssp_non_loop,167,monomer,full_dbs,2020-05-14,ok,
1af7A01|target|target|T0.05|7,1af7A01|target|target,1af7A01,0.05,target,0.8138880501663833,0.8569,93.42065693430656,30.7067,1.385,18.365,ca_rmsd_dssp_non_loop,167,monomer,full_dbs,2020-05-14,ok,
1af7A01|target|target|T0.1|0,1af7A01|target|target,1af7A01,0.1,target,0.7375239429618133,0.8833,92.97098540145986,29.4379,2.4347,17.8736,ca_rmsd_dssp_non_loop,167,monomer,full_dbs,2020-05-14,ok,
1af7A01|target|target|T0.1|1,1af7A01|target|target,1af7A01,0.1,target,0.753175449314147,0.8518,92.41726277372264,29.0634,1.362,18.3259,ca_rmsd_dssp_non_loop,167,monomer,full_dbs,2020-05-14,ok,
1af7A01|target|target|T0.1|2,1af7A01|target|target,1af7A01,0.1,target,0.7879647347972651,0.8761,93.98868613138687,23.5149,1.4221,17.5502,ca_rmsd_dssp_non_loop,167,monomer,full_dbs,2020-05-14,ok,
1af7A01|target|target|T0.1|3,1af7A01|target|target,1af7A01,0.1,target,0.8314463122869844,0.8425,93.33729927007299,24.0682,2.8257,17.3906,ca_rmsd_dssp_non_loop,167,monomer,full_dbs,2020-05-14,ok,
1af7A01|target|target|T0.1|5,1af7A01|target|target,1af7A01,0.1,target,0.7804302092169828,0.8581,93.69810218978101,32.8153,1.3538,18.8746,ca_rmsd_dssp_non_loop,167,monomer,full_dbs,2020-05-14,ok,
1af7A01|target|target|T0.1|4,1af7A01|target|target,1af7A01,0.1,target,0.776907918447593,0.871,94.10594890510949,27.526,1.988,17.4817,ca_rmsd_dssp_non_loop,167,monomer,full_dbs,2020-05-14,ok,
1af7A01|target|target|T0.1|6,1af7A01|target|target,1af7A01,0.1,target,0.6990183590435081,0.8755,93.29817518248176,27.2822,1.5026,17.5269,ca_rmsd_dssp_non_loop,167,monomer,full_dbs,2020-05-14,ok,
1af7A01|target|target|T0.1|7,1af7A01|target|target,1af7A01,0.1,target,0.7655771844043541,0.8873,92.58616788321169,18.2463,1.2631,17.0158,ca_rmsd_dssp_non_loop,167,monomer,full_dbs,2020-05-14,ok,
1af7A01|target|target|T0.2|0,1af7A01|target|target,1af7A01,0.2,target,0.836698911005716,0.9047,93.7551094890511,34.1874,2.4819,21.1564,ca_rmsd_dssp_non_loop,167,monomer,full_dbs,2020-05-14,ok,
1af7A01|target|target|T0.2|1,1af7A01|target|target,1af7A01,0.2,target,0.782921555467845,0.8958,93.77609489051095,30.8481,1.2353,18.3235,ca_rmsd_dssp_non_loop,167,monomer,full_dbs,2020-05-14,ok,
1af7A01|target|target|T0.2|2,1af7A01|target|target,1af7A01,0.2,target,0.7657081581032819,0.896,93.48441605839416,22.7214,1.6497,17.1901,ca_rmsd_dssp_non_loop,167,monomer,full_dbs,2020-05-14,ok,
1af7A01|target|target|T0.2|3,1af7A01|target|target,1af7A01,0.2,target,0.7516797716062479,0.8954,93.98540145985402,35.6878,1.4487,21.1907,ca_rmsd_dssp_non_loop,167,monomer,full_dbs,2020-05-14,ok,
1af7A01|target|target|T0.2|4,1af7A01|target|target,1af7A01,0.2,target,0.7857612665036341,0.9309,93.5986496350365,16.9926,1.6912,16.8594,ca_rmsd_dssp_non_loop,167,monomer,full_dbs,2020-05-14,ok,
1af7A01|target|target|T0.2|5,1af7A01|target|target,1af7A01,0.2,target,0.7737291337493541,0.8912,93.33664233576643,23.653,2.4321,17.1659,ca_rmsd_dssp_non_loop,167,monomer,full_dbs,2020-05-14,ok,
1af7A01|target|target|T0.2|7,1af7A01|target|target,1af7A01,0.2,target,0.787354326395954,0.8787,94.04664233576642,32.0701,2.1232,19.52,ca_rmsd_dssp_non_loop,167,monomer,full_dbs,2020-05-14,ok,
1af7A01|target|target|T0.2|6,1af7A01|target|target,1af7A01,0.2,target,0.7524963474263707,0.8674,93.86076642335766,19.0626,1.8444,16.9724,ca_rmsd_dssp_non_loop,167,monomer,full_dbs,2020-05-14,ok,
1af7A01|target|target|T0.3|0,1af7A01|target|target,1af7A01,0.3,target,0.7215406819360646,0.9763,93.93740875912408,29.6939,1.4598,18.1329,ca_rmsd_dssp_non_loop,167,monomer,full_dbs,2020-05-14,ok,
1af7A01|target|target|T0.3|1,1af7A01|target|target,1af7A01,0.3,target,0.771420643803688,0.9352,94.41992700729928,16.3309,2.3673,16.8369,ca_rmsd_dssp_non_loop,167,monomer,full_dbs,2020-05-14,ok,
1af7A01|target|target|T0.3|2,1af7A01|target|target,1af7A01,0.3,target,0.7782964603098664,1.0006,94.64043795620438,19.1165,2.8,17.0586,ca_rmsd_dssp_non_loop,167,monomer,full_dbs,2020-05-14,ok,
1af7A01|target|target|T0.3|3,1af7A01|target|target,1af7A01,0.3,target,0.7747498197240417,0.9483,93.942299270073,35.9254,2.1709,34.4547,ca_rmsd_dssp_non_loop,167,monomer,full_dbs,2020-05-14,ok,
1af7A01|target|target|T0.3|4,1af7A01|target|target,1af7A01,0.3,target,0.6979422730814123,0.9769,93.55405109489051,31.6618,1.5045,18.5013,ca_rmsd_dssp_non_loop,167,monomer,full_dbs,2020-05-14,ok,
1af7A01|target|target|T0.3|5,1af7A01|target|target,1af7A01,0.3,target,0.7299664876688428,0.9623,90.81448905109488,16.5113,1.5791,16.9279,ca_rmsd_dssp_non_loop,167,monomer,full_dbs,2020-05-14,ok,
1af7A01|target|target|T0.3|6,1af7A01|target|target,1af7A01,0.3,target,0.6996322841851602,0.9495,92.85751824817518,31.6928,2.4139,18.9942,ca_rmsd_dssp_non_loop,167,monomer,full_dbs,2020-05-14,ok,
1af7A01|target|target|T0.3|7,1af7A01|target|target,1af7A01,0.3,target,0.773856898260811,0.9508,93.5015693430657,19.3441,1.8779,17.0603,ca_rmsd_dssp_non_loop,167,monomer,full_dbs,2020-05-14,ok,
1b5aA00|target|target|T0.05|0,1b5aA00|target|target,1b5aA00,0.05,target,0.8874226529355745,1.0702,81.6868085106383,1.145,2.7807,2.7807,ca_rmsd_dssp_non_loop,46,monomer,full_dbs,2020-05-14,ok,
1b5aA00|target|target|T0.05|1,1b5aA00|target|target,1b5aA00,0.05,target,0.9420285594141743,1.0344,81.04085106382979,1.1926,3.3735,3.3735,ca_rmsd_dssp_non_loop,46,monomer,full_dbs,2020-05-14,ok,
1b5aA00|target|target|T0.05|2,1b5aA00|target|target,1b5aA00,0.05,target,0.9299523384887532,1.0393,80.63914893617022,1.3798,4.3329,4.3329,ca_rmsd_dssp_non_loop,46,monomer,full_dbs,2020-05-14,ok,
1b5aA00|target|target|T0.05|4,1b5aA00|target|target,1b5aA00,0.05,target,0.8897397090592827,1.0418,81.5431914893617,1.4688,4.2233,4.2233,ca_rmsd_dssp_non_loop,46,monomer,full_dbs,2020-05-14,ok,
1b5aA00|target|target|T0.05|3,1b5aA00|target|target,1b5aA00,0.05,target,0.8924240863460338,1.0652,82.30138297872341,1.4713,4.1657,4.1657,ca_rmsd_dssp_non_loop,46,monomer,full_dbs,2020-05-14,ok,
1b5aA00|target|target|T0.05|5,1b5aA00|target|target,1b5aA00,0.05,target,0.8850631952124194,1.0227,80.00202127659574,1.3939,3.3128,3.3128,ca_rmsd_dssp_non_loop,46,monomer,full_dbs,2020-05-14,ok,
1b5aA00|target|target|T0.05|6,1b5aA00|target|target,1b5aA00,0.05,target,0.8758867724680686,1.051,80.02053191489362,1.505,4.182,4.182,ca_rmsd_dssp_non_loop,46,monomer,full_dbs,2020-05-14,ok,
1b5aA00|target|target|T0.1|0,1b5aA00|target|target,1b5aA00,0.1,target,0.9040800792602903,1.0685,83.265,1.3965,3.588,3.588,ca_rmsd_dssp_non_loop,46,monomer,full_dbs,2020-05-14,ok,
1b5aA00|target|target|T0.1|1,1b5aA00|target|target,1b5aA00,0.1,target,0.8974250789016757,1.0761,82.71489361702127,1.1915,3.62,3.62,ca_rmsd_dssp_non_loop,46,monomer,full_dbs,2020-05-14,ok,
1b5aA00|target|target|T0.05|7,1b5aA00|target|target,1b5aA00,0.05,target,0.897620771452389,1.0183,80.73702127659574,1.8534,4.1351,4.1351,ca_rmsd_dssp_non_loop,46,monomer,full_dbs,2020-05-14,ok,
1b5aA00|target|target|T0.1|3,1b5aA00|target|target,1b5aA00,0.1,target,0.8754234399977359,1.0648,82.68202127659575,1.161,3.2902,3.2902,ca_rmsd_dssp_non_loop,46,monomer,full_dbs,2020-05-14,ok,
1b5aA00|target|target|T0.1|4,1b5aA00|target|target,1b5aA00,0.1,target,0.9125784244949704,1.0704,85.63851063829787,1.2712,3.2516,3.2516,ca_rmsd_dssp_non_loop,46,monomer,full_dbs,2020-05-14,ok,
1b5aA00|target|target|T0.1|2,1b5aA00|target|target,1b5aA00,0.1,target,0.8595417807735656,1.073,81.2513829787234,1.7744,3.3558,3.3558,ca_rmsd_dssp_non_loop,46,monomer,full_dbs,2020-05-14,ok,
1b5aA00|target|target|T0.1|6,1b5aA00|target|target,1b5aA00,0.1,target,0.9085947073227411,1.0299,79.21127659574468,1.5624,3.8409,3.8409,ca_rmsd_dssp_non_loop,46,monomer,full_dbs,2020-05-14,ok,
1b5aA00|target|target|T0.1|7,1b5aA00|target|target,1b5aA00,0.1,target,0.9042644298229897,1.1117,80.49074468085107,1.4865,3.2954,3.2954,ca_rmsd_dssp_non_loop,46,monomer,full_dbs,2020-05-14,ok,
1b5aA00|target|target|T0.1|5,1b5aA00|target|target,1b5aA00,0.1,target,0.89384558886203,1.0554,83.80776595744682,1.5128,2.925,2.925,ca_rmsd_dssp_non_loop,46,monomer,full_dbs,2020-05-14,ok,
1b5aA00|target|target|T0.2|0,1b5aA00|target|target,1b5aA00,0.2,target,0.8359655089902447,1.184,79.86287234042553,1.5388,3.8628,3.8628,ca_rmsd_dssp_non_loop,46,monomer,full_dbs,2020-05-14,ok,
1b5aA00|target|target|T0.2|2,1b5aA00|target|target,1b5aA00,0.2,target,0.8695057457338948,1.1393,83.29095744680852,1.4356,3.6112,3.6112,ca_rmsd_dssp_non_loop,46,monomer,full_dbs,2020-05-14,ok,
1b5aA00|target|target|T0.2|1,1b5aA00|target|target,1b5aA00,0.2,target,0.874024534451703,1.1476,87.52904255319149,1.3282,3.4953,3.4953,ca_rmsd_dssp_non_loop,46,monomer,full_dbs,2020-05-14,ok,
1b5aA00|target|target|T0.2|4,1b5aA00|target|target,1b5aA00,0.2,target,0.8297462256026219,1.1602,80.98,1.0235,3.9983,3.9983,ca_rmsd_dssp_non_loop,46,monomer,full_dbs,2020-05-14,ok,
1b5aA00|target|target|T0.2|3,1b5aA00|target|target,1b5aA00,0.2,target,0.8053384164084221,1.1421,81.46808510638297,1.2672,3.7351,3.7351,ca_rmsd_dssp_non_loop,46,monomer,full_dbs,2020-05-14,ok,
1b5aA00|target|target|T0.2|5,1b5aA00|target|target,1b5aA00,0.2,target,0.8312438030340921,1.1772,85.48574468085106,1.1536,3.4722,3.4722,ca_rmsd_dssp_non_loop,46,monomer,full_dbs,2020-05-14,ok,
1b5aA00|target|target|T0.2|7,1b5aA00|target|target,1b5aA00,0.2,target,0.8946504237612208,1.0803,83.67148936170213,1.0635,3.5935,3.5935,ca_rmsd_dssp_non_loop,46,monomer,full_dbs,2020-05-14,ok,
1b5aA00|target|target|T0.3|0,1b5aA00|target|target,1b5aA00,0.3,target,0.8365481949806592,1.1566,84.16351063829786,1.342,3.3063,3.3063,ca_rmsd_dssp_non_loop,46,monomer,full_dbs,2020-05-14,ok,
1b5aA00|target|target|T0.3|1,1b5aA00|target|target,1b5aA00,0.3,target,0.871663158422065,1.1247,82.11829787234042,1.5692,3.4903,3.4903,ca_rmsd_dssp_non_loop,46,monomer,full_dbs,2020-05-14,ok,
1b5aA00|target|target|T0.2|6,1b5aA00|target|target,1b5aA00,0.2,target,0.911382901842072,1.0914,82.89308510638298,1.5238,4.1735,4.1735,ca_rmsd_dssp_non_loop,46,monomer,full_dbs,2020-05-14,ok,
1b5aA00|target|target|T0.3|2,1b5aA00|target|target,1b5aA00,0.3,target,0.844810853208393,1.2079,84.95340425531914,1.4974,2.6468,2.6468,ca_rmsd_dssp_non_loop,46,monomer,full_dbs,2020-05-14,ok,
1b5aA00|target|target|T0.3|4,1b5aA00|target|target,1b5aA00,0.3,target,0.8641021198952787,1.2231,87.08648936170214,1.4014,3.4164,3.4164,ca_rmsd_dssp_non_loop,46,monomer,full_dbs,2020-05-14,ok,
1b5aA00|target|target|T0.3|5,1b5aA00|target|target,1b5aA00,0.3,target,0.8368389128962332,1.1974,82.21914893617021,1.1616,3.7835,3.7835,ca_rmsd_dssp_non_loop,46,monomer,full_dbs,2020-05-14,ok,
1b5aA00|target|target|T0.3|3,1b5aA00|target|target,1b5aA00,0.3,target,0.8106198073038409,1.2441,80.48712765957447,1.2318,4.2367,4.2367,ca_rmsd_dssp_non_loop,46,monomer,full_dbs,2020-05-14,ok,
1b5aA00|target|target|T0.3|7,1b5aA00|target|target,1b5aA00,0.3,target,0.8220996856153231,1.1603,82.26893617021277,1.2652,3.2098,3.2098,ca_rmsd_dssp_non_loop,46,monomer,full_dbs,2020-05-14,ok,
1b5aA00|target|target|T0.3|6,1b5aA00|target|target,1b5aA00,0.3,target,0.9082406865115142,1.1458,85.55829787234042,1.3088,4.1671,4.1671,ca_rmsd_dssp_non_loop,46,monomer,full_dbs,2020-05-14,ok,
1bctA00|target|target|T0.05|0,1bctA00|target|target,1bctA00,0.05,target,0.996950018821123,1.2069,92.96478260869564,,12.0928,,ca_rmsd_dssp_non_loop,60,monomer,full_dbs,2020-05-14,ok,
1bctA00|target|target|T0.05|3,1bctA00|target|target,1bctA00,0.05,target,0.9956867418858182,1.2979,93.16869565217392,,11.7068,,ca_rmsd_dssp_non_loop,60,monomer,full_dbs,2020-05-14,ok,
1bctA00|target|target|T0.05|4,1bctA00|target|target,1bctA00,0.05,target,0.2190340510141965,1.2683,97.14188405797101,,11.4057,,ca_rmsd_dssp_non_loop,60,monomer,full_dbs,2020-05-14,ok,
1bctA00|target|target|T0.05|1,1bctA00|target|target,1bctA00,0.05,target,0.9966156974444467,1.2546,94.51391304347825,,12.7013,,ca_rmsd_dssp_non_loop,60,monomer,full_dbs,2020-05-14,ok,
1bctA00|target|target|T0.05|6,1bctA00|target|target,1bctA00,0.05,target,0.9984498095431334,1.1357,94.83565217391305,,12.7298,,ca_rmsd_dssp_non_loop,60,monomer,full_dbs,2020-05-14,ok,
1bctA00|target|target|T0.05|7,1bctA00|target|target,1bctA00,0.05,target,0.9793491236514902,1.2978,96.12115942028986,,10.4891,,ca_rmsd_dssp_non_loop,60,monomer,full_dbs,2020-05-14,ok,
1bctA00|target|target|T0.05|5,1bctA00|target|target,1bctA00,0.05,target,0.9559138339593349,1.3276,94.67478260869566,,11.232,,ca_rmsd_dssp_non_loop,60,monomer,full_dbs,2020-05-14,ok,
1bctA00|target|target|T0.1|1,1bctA00|target|target,1bctA00,0.1,target,0.9976075534875893,1.1494,96.43260869565218,,11.2689,,ca_rmsd_dssp_non_loop,60,monomer,full_dbs,2020-05-14,ok,
1bctA00|target|target|T0.05|2,1bctA00|target|target,1bctA00,0.05,target,0.9968966777895599,1.225,94.3159420289855,,12.5503,,ca_rmsd_dssp_non_loop,60,monomer,full_dbs,2020-05-14,ok,
1bctA00|target|target|T0.1|3,1bctA00|target|target,1bctA00,0.1,target,0.9810363766495843,1.2863,94.18927536231885,,11.9905,,ca_rmsd_dssp_non_loop,60,monomer,full_dbs,2020-05-14,ok,
1bctA00|target|target|T0.1|2,1bctA00|target|target,1bctA00,0.1,target,0.9986969440418142,1.2326,96.22652173913043,,12.634,,ca_rmsd_dssp_non_loop,60,monomer,full_dbs,2020-05-14,ok,
1bctA00|target|target|T0.1|5,1bctA00|target|target,1bctA00,0.1,target,0.9976075534875893,1.2207,95.85463768115942,,12.3798,,ca_rmsd_dssp_non_loop,60,monomer,full_dbs,2020-05-14,ok,
1bctA00|target|target|T0.1|4,1bctA00|target|target,1bctA00,0.1,target,0.9971626092787533,1.2235,94.27521739130434,,12.5958,,ca_rmsd_dssp_non_loop,60,monomer,full_dbs,2020-05-14,ok,
1bctA00|target|target|T0.1|0,1bctA00|target|target,1bctA00,0.1,target,0.9966156974444467,1.3272,95.7940579710145,,11.7224,,ca_rmsd_dssp_non_loop,60,monomer,full_dbs,2020-05-14,ok,
1bctA00|target|target|T0.2|0,1bctA00|target|target,1bctA00,0.2,target,0.993797134537249,1.3213,93.17739130434782,,11.177,,ca_rmsd_dssp_non_loop,60,monomer,full_dbs,2020-05-14,ok,
1bctA00|target|target|T0.1|7,1bctA00|target|target,1bctA00,0.1,target,0.9970024457644708,1.321,95.17985507246377,,11.9306,,ca_rmsd_dssp_non_loop,60,monomer,full_dbs,2020-05-14,ok,
1bctA00|target|target|T0.1|6,1bctA00|target|target,1bctA00,0.1,target,0.998314099504387,1.1596,95.23768115942029,,12.4762,,ca_rmsd_dssp_non_loop,60,monomer,full_dbs,2020-05-14,ok,
1bctA00|target|target|T0.2|3,1bctA00|target|target,1bctA00,0.2,target,0.9290491271321507,1.3914,95.22753623188406,,11.7239,,ca_rmsd_dssp_non_loop,60,monomer,full_dbs,2020-05-14,ok,
1bctA00|target|target|T0.2|4,1bctA00|target|target,1bctA00,0.2,target,0.9986969440418142,1.2586,96.15014492753623,,12.9096,,ca_rmsd_dssp_non_loop,60,monomer,full_dbs,2020-05-14,ok,
1bctA00|target|target|T0.2|2,1bctA00|target|target,1bctA00,0.2,target,0.9793491236514902,1.2885,95.82014492753623,,11.3037,,ca_rmsd_dssp_non_loop,60,monomer,full_dbs,2020-05-14,ok,
1bctA00|target|target|T0.2|5,1bctA00|target|target,1bctA00,0.2,target,0.9976075534875893,1.2597,95.05333333333334,,12.7115,,ca_rmsd_dssp_non_loop,60,monomer,full_dbs,2020-05-14,ok,
1bctA00|target|target|T0.2|6,1bctA00|target|target,1bctA00,0.2,target,0.9867615683201816,1.4766,94.97101449275362,,11.1176,,ca_rmsd_dssp_non_loop,60,monomer,full_dbs,2020-05-14,ok,
1bctA00|target|target|T0.3|0,1bctA00|target|target,1bctA00,0.3,target,0.9886578908774832,1.4197,95.22260869565217,,11.3032,,ca_rmsd_dssp_non_loop,60,monomer,full_dbs,2020-05-14,ok,
1bctA00|target|target|T0.2|7,1bctA00|target|target,1bctA00,0.2,target,0.9479752435008023,1.2989,96.56246376811595,,11.0582,,ca_rmsd_dssp_non_loop,60,monomer,full_dbs,2020-05-14,ok,
1bctA00|target|target|T0.2|1,1bctA00|target|target,1bctA00,0.2,target,0.08990604926641842,1.1497,97.02623188405798,,11.4459,,ca_rmsd_dssp_non_loop,60,monomer,full_dbs,2020-05-14,ok,
1bctA00|target|target|T0.3|2,1bctA00|target|target,1bctA00,0.3,target,0.30965362497278404,1.4358,95.98101449275362,,12.7094,,ca_rmsd_dssp_non_loop,60,monomer,full_dbs,2020-05-14,ok,
1bctA00|target|target|T0.3|1,1bctA00|target|target,1bctA00,0.3,target,0.9959754293269376,1.2745,94.93202898550726,,11.3462,,ca_rmsd_dssp_non_loop,60,monomer,full_dbs,2020-05-14,ok,
1bctA00|target|target|T0.3|4,1bctA00|target|target,1bctA00,0.3,target,0.9959754293269376,1.4425,91.79,,11.1466,,ca_rmsd_dssp_non_loop,60,monomer,full_dbs,2020-05-14,ok,
1bctA00|target|target|T0.3|3,1bctA00|target|target,1bctA00,0.3,target,0.9810363766495843,1.4087,96.09333333333333,,11.2963,,ca_rmsd_dssp_non_loop,60,monomer,full_dbs,2020-05-14,ok,
1bctA00|target|target|T0.3|5,1bctA00|target|target,1bctA00,0.3,target,0.9961792415808738,1.453,94.70971014492754,,12.2985,,ca_rmsd_dssp_non_loop,60,monomer,full_dbs,2020-05-14,ok,
1bctA00|target|target|T0.3|7,1bctA00|target|target,1bctA00,0.3,target,0.9813572322343871,1.5205,95.7068115942029,,10.7149,,ca_rmsd_dssp_non_loop,60,monomer,full_dbs,2020-05-14,ok,
1bctA00|target|target|T0.3|6,1bctA00|target|target,1bctA00,0.3,target,0.9816727605104382,1.5036,86.78797101449275,,12.8047,,ca_rmsd_dssp_non_loop,60,monomer,full_dbs,2020-05-14,ok,
1bg5A03|target|target|T0.05|0,1bg5A03|target|target,1bg5A03,0.05,target,0.8278397261833574,1.2098,84.3857874015748,1.2361,21.4789,36.7181,ca_rmsd_dssp_non_loop,85,monomer,full_dbs,2020-05-14,ok,
1bg5A03|target|target|T0.05|1,1bg5A03|target|target,1bg5A03,0.05,target,0.7794595525615567,1.2009,82.09826771653543,1.9327,22.9666,36.2424,ca_rmsd_dssp_non_loop,85,monomer,full_dbs,2020-05-14,ok,
1bg5A03|target|target|T0.05|4,1bg5A03|target|target,1bg5A03,0.05,target,0.7275454627437752,1.1807,79.5565748031496,1.5749,12.1563,12.1563,ca_rmsd_dssp_non_loop,85,monomer,full_dbs,2020-05-14,ok,
1bg5A03|target|target|T0.05|2,1bg5A03|target|target,1bg5A03,0.05,target,0.797825046670435,1.2123,83.69003937007874,1.7368,24.0143,39.0362,ca_rmsd_dssp_non_loop,85,monomer,full_dbs,2020-05-14,ok,
1bg5A03|target|target|T0.05|3,1bg5A03|target|target,1bg5A03,0.05,target,0.8235333937359977,1.2192,81.80472440944882,1.0465,22.3648,36.3947,ca_rmsd_dssp_non_loop,85,monomer,full_dbs,2020-05-14,ok,
1bg5A03|target|target|T0.05|5,1bg5A03|target|target,1bg5A03,0.05,target,0.7860204503381067,1.22,80.13393700787402,1.4258,18.7344,18.8712,ca_rmsd_dssp_non_loop,85,monomer,full_dbs,2020-05-14,ok,
1bg5A03|target|target|T0.05|6,1bg5A03|target|target,1bg5A03,0.05,target,0.8036044413621088,1.222,79.20519685039369,1.2342,18.4782,18.4782,ca_rmsd_dssp_non_loop,85,monomer,full_dbs,2020-05-14,ok,
1bg5A03|target|target|T0.05|7,1bg5A03|target|target,1bg5A03,0.05,target,0.8247885988542419,1.1908,83.25917322834647,0.9683,18.1847,18.1847,ca_rmsd_dssp_non_loop,85,monomer,full_dbs,2020-05-14,ok,
1bg5A03|target|target|T0.1|0,1bg5A03|target|target,1bg5A03,0.1,target,0.8093796369699076,1.1607,82.28472440944881,1.1961,22.8617,37.0658,ca_rmsd_dssp_non_loop,85,monomer,full_dbs,2020-05-14,ok,
1bg5A03|target|target|T0.1|1,1bg5A03|target|target,1bg5A03,0.1,target,0.7941167548488035,1.2232,79.72877952755906,1.4557,21.8243,35.4427,ca_rmsd_dssp_non_loop,85,monomer,full_dbs,2020-05-14,ok,
1bg5A03|target|target|T0.1|3,1bg5A03|target|target,1bg5A03,0.1,target,0.6997240697788987,1.2321,80.95220472440946,1.3705,20.8878,36.5941,ca_rmsd_dssp_non_loop,85,monomer,full_dbs,2020-05-14,ok,
1bg5A03|target|target|T0.1|4,1bg5A03|target|target,1bg5A03,0.1,target,0.7640688919127455,1.2536,77.71842519685039,1.8681,13.7554,13.7554,ca_rmsd_dssp_non_loop,85,monomer,full_dbs,2020-05-14,ok,
1bg5A03|target|target|T0.1|2,1bg5A03|target|target,1bg5A03,0.1,target,0.7337437744419003,1.2483,79.26641732283464,1.2873,21.6718,35.2782,ca_rmsd_dssp_non_loop,85,monomer,full_dbs,2020-05-14,ok,
1bg5A03|target|target|T0.1|6,1bg5A03|target|target,1bg5A03,0.1,target,0.7691405372297461,1.2497,82.08125984251969,1.8368,17.6242,17.6242,ca_rmsd_dssp_non_loop,85,monomer,full_dbs,2020-05-14,ok,
1bg5A03|target|target|T0.1|7,1bg5A03|target|target,1bg5A03,0.1,target,0.7485447866518261,1.2148,80.95086614173229,1.2527,13.0807,13.0807,ca_rmsd_dssp_non_loop,85,monomer,full_dbs,2020-05-14,ok,
1bg5A03|target|target|T0.1|5,1bg5A03|target|target,1bg5A03,0.1,target,0.7708140331156662,1.2375,80.3728346456693,1.6706,17.9301,17.9301,ca_rmsd_dssp_non_loop,85,monomer,full_dbs,2020-05-14,ok,
1bg5A03|target|target|T0.2|1,1bg5A03|target|target,1bg5A03,0.2,target,0.7294144043651289,1.274,77.5090157480315,1.7129,15.8434,15.8434,ca_rmsd_dssp_non_loop,85,monomer,full_dbs,2020-05-14,ok,
1bg5A03|target|target|T0.2|0,1bg5A03|target|target,1bg5A03,0.2,target,0.7942454615191056,1.2977,86.3257874015748,1.3555,21.1833,35.0451,ca_rmsd_dssp_non_loop,85,monomer,full_dbs,2020-05-14,ok,
1bg5A03|target|target|T0.2|2,1bg5A03|target|target,1bg5A03,0.2,target,0.6397618618569219,1.3011,78.01015748031497,1.6608,24.5954,37.8971,ca_rmsd_dssp_non_loop,85,monomer,full_dbs,2020-05-14,ok,
1bg5A03|target|target|T0.2|3,1bg5A03|target|target,1bg5A03,0.2,target,0.6130515341824083,1.2683,78.16409448818898,1.3004,18.1975,18.1976,ca_rmsd_dssp_non_loop,85,monomer,full_dbs,2020-05-14,ok,
1bg5A03|target|target|T0.2|5,1bg5A03|target|target,1bg5A03,0.2,target,0.8193760639076532,1.2851,78.7807874015748,1.5338,9.7189,9.7189,ca_rmsd_dssp_non_loop,85,monomer,full_dbs,2020-05-14,ok,
1bg5A03|target|target|T0.2|4,1bg5A03|target|target,1bg5A03,0.2,target,0.7798653530507936,1.3299,81.62740157480316,1.2978,19.6933,19.6938,ca_rmsd_dssp_non_loop,85,monomer,full_dbs,2020-05-14,ok,
1bg5A03|target|target|T0.2|7,1bg5A03|target|target,1bg5A03,0.2,target,0.7708140331156662,1.2548,78.89417322834645,0.9274,18.5333,18.5636,ca_rmsd_dssp_non_loop,85,monomer,full_dbs,2020-05-14,ok,
1bg5A03|target|target|T0.2|6,1bg5A03|target|target,1bg5A03,0.2,target,0.6781312174497749,1.2435,81.74374015748032,1.2095,11.6064,11.6064,ca_rmsd_dssp_non_loop,85,monomer,full_dbs,2020-05-14,ok,
1bg5A03|target|target|T0.3|1,1bg5A03|target|target,1bg5A03,0.3,target,0.5625446986596646,1.3754,76.85334645669292,1.6108,8.5576,8.5576,ca_rmsd_dssp_non_loop,85,monomer,full_dbs,2020-05-14,ok,
1bg5A03|target|target|T0.3|0,1bg5A03|target|target,1bg5A03,0.3,target,0.7695597115728102,1.4096,82.13338582677166,1.1055,12.8356,12.84,ca_rmsd_dssp_non_loop,85,monomer,full_dbs,2020-05-14,ok,
1bg5A03|target|target|T0.3|2,1bg5A03|target|target,1bg5A03,0.3,target,0.8305163760092196,1.3987,89.1170472440945,1.1608,12.4323,12.4323,ca_rmsd_dssp_non_loop,85,monomer,full_dbs,2020-05-14,ok,
1bg5A03|target|target|T0.3|3,1bg5A03|target|target,1bg5A03,0.3,target,0.7912701199659701,1.4598,80.62720472440945,2.0864,14.1699,14.1699,ca_rmsd_dssp_non_loop,85,monomer,full_dbs,2020-05-14,ok,
1bg5A03|target|target|T0.3|5,1bg5A03|target|target,1bg5A03,0.3,target,0.8179734264822774,1.379,73.95094488188977,2.312,9.1274,9.1274,ca_rmsd_dssp_non_loop,85,monomer,full_dbs,2020-05-14,ok,
1bg5A03|target|target|T0.3|4,1bg5A03|target|target,1bg5A03,0.3,target,0.8150240983341926,1.3674,77.43527559055119,1.4006,13.4991,13.4991,ca_rmsd_dssp_non_loop,85,monomer,full_dbs,2020-05-14,ok,
1bxmA00|target|target|T0.05|0,1bxmA00|target|target,1bxmA00,0.05,target,0.7030783422260646,0.9477,96.22149999999999,5.3938,0.9777,5.5697,ca_rmsd_dssp_non_loop,65,monomer,full_dbs,2020-05-14,ok,
1bg5A03|target|target|T0.3|7,1bg5A03|target|target,1bg5A03,0.3,target,0.7939879885508557,1.3337,78.42578740157481,1.1677,15.8785,15.8785,ca_rmsd_dssp_non_loop,85,monomer,full_dbs,2020-05-14,ok,
1bxmA00|target|target|T0.05|1,1bxmA00|target|target,1bxmA00,0.05,target,0.5822459279280222,0.9169,95.9702,5.4,1.0154,5.5939,ca_rmsd_dssp_non_loop,65,monomer,full_dbs,2020-05-14,ok,
1bxmA00|target|target|T0.05|3,1bxmA00|target|target,1bxmA00,0.05,target,0.4980000106665984,0.951,96.2208,5.4126,1.0602,5.5894,ca_rmsd_dssp_non_loop,65,monomer,full_dbs,2020-05-14,ok,
1bxmA00|target|target|T0.05|4,1bxmA00|target|target,1bxmA00,0.05,target,0.7558388990947971,0.9334,96.17370000000001,5.4336,0.987,5.6235,ca_rmsd_dssp_non_loop,65,monomer,full_dbs,2020-05-14,ok,
1bxmA00|target|target|T0.05|5,1bxmA00|target|target,1bxmA00,0.05,target,0.5289675250309517,0.9368,95.91059999999999,5.4191,0.9744,5.5981,ca_rmsd_dssp_non_loop,65,monomer,full_dbs,2020-05-14,ok,
1bxmA00|target|target|T0.05|6,1bxmA00|target|target,1bxmA00,0.05,target,0.3955599825806374,0.9287,96.60799999999999,5.4503,0.9258,5.6207,ca_rmsd_dssp_non_loop,65,monomer,full_dbs,2020-05-14,ok,
1bxmA00|target|target|T0.05|2,1bxmA00|target|target,1bxmA00,0.05,target,0.525477914477493,0.9567,96.8646,5.3908,1.109,5.5777,ca_rmsd_dssp_non_loop,65,monomer,full_dbs,2020-05-14,ok,
1bxmA00|target|target|T0.05|7,1bxmA00|target|target,1bxmA00,0.05,target,0.4250686395094151,0.9943,97.3069,5.4148,0.7702,5.6096,ca_rmsd_dssp_non_loop,65,monomer,full_dbs,2020-05-14,ok,
1bxmA00|target|target|T0.1|0,1bxmA00|target|target,1bxmA00,0.1,target,0.5224848247918,0.9517,96.15280000000001,5.4101,0.7361,5.6138,ca_rmsd_dssp_non_loop,65,monomer,full_dbs,2020-05-14,ok,
1bxmA00|target|target|T0.1|1,1bxmA00|target|target,1bxmA00,0.1,target,0.6336714513637738,0.9454,96.4445,5.4261,0.9374,5.6282,ca_rmsd_dssp_non_loop,65,monomer,full_dbs,2020-05-14,ok,
1bxmA00|target|target|T0.1|2,1bxmA00|target|target,1bxmA00,0.1,target,0.671725582405139,0.9509,96.6882,5.4228,0.9924,5.6081,ca_rmsd_dssp_non_loop,65,monomer,full_dbs,2020-05-14,ok,
1bxmA00|target|target|T0.1|3,1bxmA00|target|target,1bxmA00,0.1,target,0.4541293434458062,0.9805,96.42290000000001,5.4226,1.0554,5.6215,ca_rmsd_dssp_non_loop,65,monomer,full_dbs,2020-05-14,ok,
1bxmA00|target|target|T0.1|4,1bxmA00|target|target,1bxmA00,0.1,target,0.6699590824057516,0.9449,96.2709,5.4051,0.9956,5.6054,ca_rmsd_dssp_non_loop,65,monomer,full_dbs,2020-05-14,ok,
1bxmA00|target|target|T0.1|5,1bxmA00|target|target,1bxmA00,0.1,target,0.4471976145553063,0.9628,96.72,5.4619,0.7049,5.6404,ca_rmsd_dssp_non_loop,65,monomer,full_dbs,2020-05-14,ok,
1bxmA00|target|target|T0.1|6,1bxmA00|target|target,1bxmA00,0.1,target,0.6839533750165775,0.9561,96.93709999999999,5.4173,0.8475,5.6173,ca_rmsd_dssp_non_loop,65,monomer,full_dbs,2020-05-14,ok,
1bxmA00|target|target|T0.1|7,1bxmA00|target|target,1bxmA00,0.1,target,0.6561085065514703,0.9638,96.76280000000001,5.399,1.0658,5.5917,ca_rmsd_dssp_non_loop,65,monomer,full_dbs,2020-05-14,ok,
1bxmA00|target|target|T0.2|0,1bxmA00|target|target,1bxmA00,0.2,target,0.43683920889452504,0.9748,97.0484,5.4065,1.0358,5.5976,ca_rmsd_dssp_non_loop,65,monomer,full_dbs,2020-05-14,ok,
1bxmA00|target|target|T0.2|1,1bxmA00|target|target,1bxmA00,0.2,target,0.7146344167107368,0.9533,96.91770000000001,5.4149,1.0474,5.5955,ca_rmsd_dssp_non_loop,65,monomer,full_dbs,2020-05-14,ok,
1bxmA00|target|target|T0.2|2,1bxmA00|target|target,1bxmA00,0.2,target,0.5822459279280222,0.9671,95.91,5.419,1.0557,5.609,ca_rmsd_dssp_non_loop,65,monomer,full_dbs,2020-05-14,ok,
1bxmA00|target|target|T0.2|3,1bxmA00|target|target,1bxmA00,0.2,target,0.7624212360530477,1.0037,96.1444,5.4154,0.9438,5.5913,ca_rmsd_dssp_non_loop,65,monomer,full_dbs,2020-05-14,ok,
1bxmA00|target|target|T0.2|4,1bxmA00|target|target,1bxmA00,0.2,target,0.6168028891971088,1.0664,96.5234,5.4107,1.0516,5.5855,ca_rmsd_dssp_non_loop,65,monomer,full_dbs,2020-05-14,ok,
1bxmA00|target|target|T0.2|5,1bxmA00|target|target,1bxmA00,0.2,target,0.6313470442341522,0.9652,96.9478,5.4436,1.0135,5.6065,ca_rmsd_dssp_non_loop,65,monomer,full_dbs,2020-05-14,ok,
1bxmA00|target|target|T0.2|6,1bxmA00|target|target,1bxmA00,0.2,target,0.5846762648954498,0.9917,96.5923,5.4182,1.0734,5.6056,ca_rmsd_dssp_non_loop,65,monomer,full_dbs,2020-05-14,ok,
1bxmA00|target|target|T0.2|7,1bxmA00|target|target,1bxmA00,0.2,target,0.4805098804887541,1.0098,95.84479999999999,5.4236,0.9908,5.6095,ca_rmsd_dssp_non_loop,65,monomer,full_dbs,2020-05-14,ok,
1bxmA00|target|target|T0.3|0,1bxmA00|target|target,1bxmA00,0.3,target,0.7286927039538564,1.0268,96.4246,5.4222,1.0939,5.6182,ca_rmsd_dssp_non_loop,65,monomer,full_dbs,2020-05-14,ok,
1bxmA00|target|target|T0.3|1,1bxmA00|target|target,1bxmA00,0.3,target,0.7146344167107368,1.049,96.4434,5.4322,0.9083,5.6291,ca_rmsd_dssp_non_loop,65,monomer,full_dbs,2020-05-14,ok,
1bxmA00|target|target|T0.3|2,1bxmA00|target|target,1bxmA00,0.3,target,0.7631450157268554,1.0125,96.1028,5.3924,0.8944,5.5696,ca_rmsd_dssp_non_loop,65,monomer,full_dbs,2020-05-14,ok,
1bxmA00|target|target|T0.3|3,1bxmA00|target|target,1bxmA00,0.3,target,0.6708429359927333,1.0375,96.6733,5.4344,0.858,5.616,ca_rmsd_dssp_non_loop,65,monomer,full_dbs,2020-05-14,ok,
1bxmA00|target|target|T0.3|4,1bxmA00|target|target,1bxmA00,0.3,target,0.8576613198329636,0.9991,96.2734,5.4052,1.0617,5.5993,ca_rmsd_dssp_non_loop,65,monomer,full_dbs,2020-05-14,ok,
1bxmA00|target|target|T0.3|5,1bxmA00|target|target,1bxmA00,0.3,target,0.5953194110219262,1.0461,96.06649999999999,5.4192,0.7047,5.6072,ca_rmsd_dssp_non_loop,65,monomer,full_dbs,2020-05-14,ok,
1bxmA00|target|target|T0.3|6,1bxmA00|target|target,1bxmA00,0.3,target,0.6552054233029431,1.068,97.02069999999999,5.4093,1.0495,5.5932,ca_rmsd_dssp_non_loop,65,monomer,full_dbs,2020-05-14,ok,
1bxmA00|target|target|T0.3|7,1bxmA00|target|target,1bxmA00,0.3,target,0.5817593768418362,1.0601,96.43459999999999,5.4059,1.0194,5.625,ca_rmsd_dssp_non_loop,65,monomer,full_dbs,2020-05-14,ok,
1c8zA00|target|target|T0.05|0,1c8zA00|target|target,1c8zA00,0.05,target,0.6842958701302762,0.9363,90.11743396226414,10.7299,2.111,10.4719,ca_rmsd_dssp_non_loop,130,monomer,full_dbs,2020-05-14,ok,
1c8zA00|target|target|T0.05|1,1c8zA00|target|target,1c8zA00,0.05,target,0.6912645277480096,0.888,92.40298113207548,8.3339,1.2766,8.0348,ca_rmsd_dssp_non_loop,130,monomer,full_dbs,2020-05-14,ok,
1c8zA00|target|target|T0.05|2,1c8zA00|target|target,1c8zA00,0.05,target,0.6731054035551993,0.9191,91.33807547169812,3.8533,1.7032,8.3307,ca_rmsd_dssp_non_loop,130,monomer,full_dbs,2020-05-14,ok,
1c8zA00|target|target|T0.05|3,1c8zA00|target|target,1c8zA00,0.05,target,0.6428887945448911,0.9119,90.40433962264152,9.9271,1.8971,8.3918,ca_rmsd_dssp_non_loop,130,monomer,full_dbs,2020-05-14,ok,
1c8zA00|target|target|T0.05|4,1c8zA00|target|target,1c8zA00,0.05,target,0.6938356797231412,0.9026,92.10498113207547,4.4236,1.945,8.074,ca_rmsd_dssp_non_loop,130,monomer,full_dbs,2020-05-14,ok,
1c8zA00|target|target|T0.05|5,1c8zA00|target|target,1c8zA00,0.05,target,0.6755914619376975,0.8965,90.36984905660377,14.3336,1.8424,8.2924,ca_rmsd_dssp_non_loop,130,monomer,full_dbs,2020-05-14,ok,
1c8zA00|target|target|T0.05|6,1c8zA00|target|target,1c8zA00,0.05,target,0.6870610639818066,0.8921,90.28528301886791,8.1053,1.7667,15.8179,ca_rmsd_dssp_non_loop,130,monomer,full_dbs,2020-05-14,ok,
1c8zA00|target|target|T0.05|7,1c8zA00|target|target,1c8zA00,0.05,target,0.660699974689232,0.9152,91.5083396226415,6.537,1.8904,11.9516,ca_rmsd_dssp_non_loop,130,monomer,full_dbs,2020-05-14,ok,
1c8zA00|target|target|T0.1|0,1c8zA00|target|target,1c8zA00,0.1,target,0.7226682554534677,0.8988,92.21830188679245,5.4437,1.5275,8.8272,ca_rmsd_dssp_non_loop,130,monomer,full_dbs,2020-05-14,ok,
1c8zA00|target|target|T0.1|1,1c8zA00|target|target,1c8zA00,0.1,target,0.7206975924108348,0.8882,91.01649056603773,7.1446,1.2801,8.8231,ca_rmsd_dssp_non_loop,130,monomer,full_dbs,2020-05-14,ok,
1c8zA00|target|target|T0.1|2,1c8zA00|target|target,1c8zA00,0.1,target,0.6655890666117523,0.922,88.22592452830189,6.3465,1.6873,8.5796,ca_rmsd_dssp_non_loop,130,monomer,full_dbs,2020-05-14,ok,
1c8zA00|target|target|T0.1|3,1c8zA00|target|target,1c8zA00,0.1,target,0.7170370049968261,0.8992,92.4637358490566,6.6886,1.8532,15.0154,ca_rmsd_dssp_non_loop,130,monomer,full_dbs,2020-05-14,ok,
1c8zA00|target|target|T0.1|4,1c8zA00|target|target,1c8zA00,0.1,target,0.6613764022999927,0.9149,90.61924528301886,5.5192,1.6214,8.222,ca_rmsd_dssp_non_loop,130,monomer,full_dbs,2020-05-14,ok,
1c8zA00|target|target|T0.1|5,1c8zA00|target|target,1c8zA00,0.1,target,0.6824996338181237,0.9255,90.14215094339623,5.27,1.7876,8.1643,ca_rmsd_dssp_non_loop,130,monomer,full_dbs,2020-05-14,ok,
1c8zA00|target|target|T0.1|6,1c8zA00|target|target,1c8zA00,0.1,target,0.7065093316716959,0.9151,91.42532075471698,4.0335,1.8956,8.2952,ca_rmsd_dssp_non_loop,130,monomer,full_dbs,2020-05-14,ok,
1c8zA00|target|target|T0.1|7,1c8zA00|target|target,1c8zA00,0.1,target,0.698624144309181,0.9115,88.88018867924528,7.9941,1.6621,11.624,ca_rmsd_dssp_non_loop,130,monomer,full_dbs,2020-05-14,ok,
1c8zA00|target|target|T0.2|0,1c8zA00|target|target,1c8zA00,0.2,target,0.6975106470369912,0.9219,88.85041509433962,8.6043,1.4289,8.3754,ca_rmsd_dssp_non_loop,130,monomer,full_dbs,2020-05-14,ok,
1c8zA00|target|target|T0.2|1,1c8zA00|target|target,1c8zA00,0.2,target,0.6694415537407559,0.9497,91.15483018867924,13.06,2.0137,8.2797,ca_rmsd_dssp_non_loop,130,monomer,full_dbs,2020-05-14,ok,
1c8zA00|target|target|T0.2|2,1c8zA00|target|target,1c8zA00,0.2,target,0.7385586547979062,0.9095,90.40762264150943,10.1433,1.624,8.7872,ca_rmsd_dssp_non_loop,130,monomer,full_dbs,2020-05-14,ok,
1c8zA00|target|target|T0.2|3,1c8zA00|target|target,1c8zA00,0.2,target,0.6618832908161353,0.9766,91.99943396226415,7.1708,1.7388,9.6741,ca_rmsd_dssp_non_loop,130,monomer,full_dbs,2020-05-14,ok,
1c8zA00|target|target|T0.2|4,1c8zA00|target|target,1c8zA00,0.2,target,0.6299670525629959,0.9453,90.64966037735849,4.0936,1.9585,9.0986,ca_rmsd_dssp_non_loop,130,monomer,full_dbs,2020-05-14,ok,
1c8zA00|target|target|T0.2|5,1c8zA00|target|target,1c8zA00,0.2,target,0.6983062400785918,0.9524,90.76230188679244,3.6791,1.816,8.1634,ca_rmsd_dssp_non_loop,130,monomer,full_dbs,2020-05-14,ok,
1c8zA00|target|target|T0.2|6,1c8zA00|target|target,1c8zA00,0.2,target,0.7397227994964415,0.9321,89.27981132075472,7.8331,1.7145,8.7381,ca_rmsd_dssp_non_loop,130,monomer,full_dbs,2020-05-14,ok,
1c8zA00|target|target|T0.2|7,1c8zA00|target|target,1c8zA00,0.2,target,0.7252323067393889,0.9264,92.67705660377358,12.6139,2.1074,13.3321,ca_rmsd_dssp_non_loop,130,monomer,full_dbs,2020-05-14,ok,
1c8zA00|target|target|T0.3|0,1c8zA00|target|target,1c8zA00,0.3,target,0.6904585965289836,0.9802,91.61750943396227,5.6218,1.5444,9.2812,ca_rmsd_dssp_non_loop,130,monomer,full_dbs,2020-05-14,ok,
1c8zA00|target|target|T0.3|1,1c8zA00|target|target,1c8zA00,0.3,target,0.6347044789060392,0.9731,90.92728301886793,3.7424,1.779,8.3372,ca_rmsd_dssp_non_loop,130,monomer,full_dbs,2020-05-14,ok,
1c8zA00|target|target|T0.3|2,1c8zA00|target|target,1c8zA00,0.3,target,0.6844588927548825,0.9976,90.67924528301887,8.1729,1.2929,17.3257,ca_rmsd_dssp_non_loop,130,monomer,full_dbs,2020-05-14,ok,
1c8zA00|target|target|T0.3|3,1c8zA00|target|target,1c8zA00,0.3,target,0.6852733245721724,0.9859,91.08218867924528,3.2491,1.6828,8.6475,ca_rmsd_dssp_non_loop,130,monomer,full_dbs,2020-05-14,ok,
1c8zA00|target|target|T0.3|4,1c8zA00|target|target,1c8zA00,0.3,target,0.7099403456108401,0.9415,91.09618867924529,5.4001,1.4584,15.1902,ca_rmsd_dssp_non_loop,130,monomer,full_dbs,2020-05-14,ok,
1c8zA00|target|target|T0.3|5,1c8zA00|target|target,1c8zA00,0.3,target,0.7240275299455438,1.0109,91.11928301886793,5.0352,1.7541,8.1608,ca_rmsd_dssp_non_loop,130,monomer,full_dbs,2020-05-14,ok,
1c8zA00|target|target|T0.3|6,1c8zA00|target|target,1c8zA00,0.3,target,0.6642438449472827,0.9701,90.56449056603773,4.6964,1.645,9.7916,ca_rmsd_dssp_non_loop,130,monomer,full_dbs,2020-05-14,ok,
1c8zA00|target|target|T0.3|7,1c8zA00|target|target,1c8zA00,0.3,target,0.7291251884221444,0.9957,90.62332075471699,5.7373,1.2686,8.6669,ca_rmsd_dssp_non_loop,130,monomer,full_dbs,2020-05-14,ok,
1e9tA00|target|target|T0.05|0,1e9tA00|target|target,1e9tA00,0.05,target,0.9387835784081383,1.3323,76.9164406779661,0.812,4.0479,4.0479,ca_rmsd_dssp_non_loop,6,monomer,full_dbs,2020-05-14,ok,
1e9tA00|target|target|T0.05|1,1e9tA00|target|target,1e9tA00,0.05,target,0.9243554191628386,1.3879,72.93830508474576,1.6276,5.9459,5.946,ca_rmsd_dssp_non_loop,6,monomer,full_dbs,2020-05-14,ok,
1e9tA00|target|target|T0.05|2,1e9tA00|target|target,1e9tA00,0.05,target,0.9399420601378801,1.3278,69.88525423728812,1.1491,4.7961,4.7961,ca_rmsd_dssp_non_loop,6,monomer,full_dbs,2020-05-14,ok,
1e9tA00|target|target|T0.05|3,1e9tA00|target|target,1e9tA00,0.05,target,0.7313250875438444,1.3723,80.5028813559322,0.7444,2.5976,2.5978,ca_rmsd_dssp_non_loop,6,monomer,full_dbs,2020-05-14,ok,
1e9tA00|target|target|T0.05|4,1e9tA00|target|target,1e9tA00,0.05,target,0.7614558829902514,1.3896,77.52915254237288,0.814,2.7934,2.7934,ca_rmsd_dssp_non_loop,6,monomer,full_dbs,2020-05-14,ok,
1e9tA00|target|target|T0.05|5,1e9tA00|target|target,1e9tA00,0.05,target,0.9153682498094445,1.3768,75.8571186440678,0.8805,4.4769,4.4769,ca_rmsd_dssp_non_loop,6,monomer,full_dbs,2020-05-14,ok,
1e9tA00|target|target|T0.05|6,1e9tA00|target|target,1e9tA00,0.05,target,0.7101826279641096,1.3384,78.03406779661017,1.0324,5.527,5.527,ca_rmsd_dssp_non_loop,6,monomer,full_dbs,2020-05-14,ok,
1e9tA00|target|target|T0.05|7,1e9tA00|target|target,1e9tA00,0.05,target,0.7897451331283052,1.3234,75.57813559322034,0.8284,4.0295,4.0295,ca_rmsd_dssp_non_loop,6,monomer,full_dbs,2020-05-14,ok,
1e9tA00|target|target|T0.1|0,1e9tA00|target|target,1e9tA00,0.1,target,0.8359605638464239,1.3757,50.372711864406774,4.8833,11.7236,19.8156,ca_rmsd_dssp_non_loop,6,monomer,full_dbs,2020-05-14,ok,
1e9tA00|target|target|T0.1|1,1e9tA00|target|target,1e9tA00,0.1,target,0.7759178452744491,1.3693,77.0364406779661,0.8233,4.3748,4.3748,ca_rmsd_dssp_non_loop,6,monomer,full_dbs,2020-05-14,ok,
1e9tA00|target|target|T0.1|2,1e9tA00|target|target,1e9tA00,0.1,target,0.8331523771360868,1.3156,70.77745762711864,0.8993,4.284,4.284,ca_rmsd_dssp_non_loop,6,monomer,full_dbs,2020-05-14,ok,
1e9tA00|target|target|T0.1|4,1e9tA00|target|target,1e9tA00,0.1,target,0.9257653535740159,1.3714,55.89847457627119,2.9956,14.7532,20.6515,ca_rmsd_dssp_non_loop,6,monomer,full_dbs,2020-05-14,ok,
1e9tA00|target|target|T0.1|3,1e9tA00|target|target,1e9tA00,0.1,target,0.7687659084690117,1.35,80.09847457627119,0.7696,3.7309,3.7311,ca_rmsd_dssp_non_loop,6,monomer,full_dbs,2020-05-14,ok,
1e9tA00|target|target|T0.1|5,1e9tA00|target|target,1e9tA00,0.1,target,0.6575068196180922,1.3564,73.17254237288137,0.7221,3.5666,3.5666,ca_rmsd_dssp_non_loop,6,monomer,full_dbs,2020-05-14,ok,
1e9tA00|target|target|T0.1|7,1e9tA00|target|target,1e9tA00,0.1,target,0.8414628003452166,1.3367,78.68254237288136,0.8811,4.5819,4.5819,ca_rmsd_dssp_non_loop,6,monomer,full_dbs,2020-05-14,ok,
1e9tA00|target|target|T0.1|6,1e9tA00|target|target,1e9tA00,0.1,target,0.921461560446817,1.3767,76.24322033898305,0.7215,5.9284,5.9284,ca_rmsd_dssp_non_loop,6,monomer,full_dbs,2020-05-14,ok,
1e9tA00|target|target|T0.2|2,1e9tA00|target|target,1e9tA00,0.2,target,0.8780655119089121,1.4132,53.01728813559322,2.6215,9.7834,9.7834,ca_rmsd_dssp_non_loop,6,monomer,full_dbs,2020-05-14,ok,
1e9tA00|target|target|T0.2|0,1e9tA00|target|target,1e9tA00,0.2,target,0.8736428598702128,1.4559,71.03864406779661,0.9064,3.344,3.3442,ca_rmsd_dssp_non_loop,6,monomer,full_dbs,2020-05-14,ok,
1e9tA00|target|target|T0.2|1,1e9tA00|target|target,1e9tA00,0.2,target,0.6711123461260282,1.4664,71.08559322033899,0.7933,3.9555,3.9556,ca_rmsd_dssp_non_loop,6,monomer,full_dbs,2020-05-14,ok,
1e9tA00|target|target|T0.2|4,1e9tA00|target|target,1e9tA00,0.2,target,0.6389586985691502,1.4685,72.38932203389831,0.699,6.1831,6.1831,ca_rmsd_dssp_non_loop,6,monomer,full_dbs,2020-05-14,ok,
1e9tA00|target|target|T0.2|3,1e9tA00|target|target,1e9tA00,0.2,target,0.7687659084690118,1.4243,79.35033898305085,0.7852,3.6894,3.6894,ca_rmsd_dssp_non_loop,6,monomer,full_dbs,2020-05-14,ok,
1e9tA00|target|target|T0.2|5,1e9tA00|target|target,1e9tA00,0.2,target,0.9420128024095356,1.4072,67.08406779661017,0.8802,4.2478,4.2478,ca_rmsd_dssp_non_loop,6,monomer,full_dbs,2020-05-14,ok,
1e9tA00|target|target|T0.2|6,1e9tA00|target|target,1e9tA00,0.2,target,0.9483302600839763,1.372,60.269152542372886,8.5369,13.5066,13.5551,ca_rmsd_dssp_non_loop,6,monomer,full_dbs,2020-05-14,ok,
1e9tA00|target|target|T0.2|7,1e9tA00|target|target,1e9tA00,0.2,target,0.9199769500807999,1.4413,58.19813559322034,2.1395,12.2451,21.9342,ca_rmsd_dssp_non_loop,6,monomer,full_dbs,2020-05-14,ok,
1e9tA00|target|target|T0.3|0,1e9tA00|target|target,1e9tA00,0.3,target,0.7470068353657037,1.4811,78.73711864406779,1.0193,4.3374,4.3374,ca_rmsd_dssp_non_loop,6,monomer,full_dbs,2020-05-14,ok,
1e9tA00|target|target|T0.3|1,1e9tA00|target|target,1e9tA00,0.3,target,0.9124344677415246,1.4568,80.81915254237288,0.7854,3.5878,3.5878,ca_rmsd_dssp_non_loop,6,monomer,full_dbs,2020-05-14,ok,
1e9tA00|target|target|T0.3|2,1e9tA00|target|target,1e9tA00,0.3,target,0.7765066815655695,1.5664,72.4235593220339,0.9302,5.7317,5.732,ca_rmsd_dssp_non_loop,6,monomer,full_dbs,2020-05-14,ok,
1e9tA00|target|target|T0.3|3,1e9tA00|target|target,1e9tA00,0.3,target,0.9651085914682631,1.4111,72.64118644067797,0.8343,5.1805,5.1805,ca_rmsd_dssp_non_loop,6,monomer,full_dbs,2020-05-14,ok,
1e9tA00|target|target|T0.3|4,1e9tA00|target|target,1e9tA00,0.3,target,0.6575068196180922,1.4222,62.49508474576271,7.0665,9.4903,18.4533,ca_rmsd_dssp_non_loop,6,monomer,full_dbs,2020-05-14,ok,
1e9tA00|target|target|T0.3|5,1e9tA00|target|target,1e9tA00,0.3,target,0.857487424805237,1.5398,73.82677966101694,0.8431,2.7237,2.7237,ca_rmsd_dssp_non_loop,6,monomer,full_dbs,2020-05-14,ok,
1e9tA00|target|target|T0.3|7,1e9tA00|target|target,1e9tA00,0.3,target,0.4496626303437828,1.4178,64.69745762711865,0.8353,3.2599,3.2599,ca_rmsd_dssp_non_loop,6,monomer,full_dbs,2020-05-14,ok,
1e9tA00|target|target|T0.3|6,1e9tA00|target|target,1e9tA00,0.3,target,0.9298512591301691,1.494,73.68508474576271,0.8043,4.8996,4.8996,ca_rmsd_dssp_non_loop,6,monomer,full_dbs,2020-05-14,ok,
1eruA00|target|target|T0.05|0,1eruA00|target|target,1eruA00,0.05,target,0.7778763437357723,0.7109,96.98190476190477,0.4574,0.4886,0.4886,ca_rmsd_dssp_non_loop,72,monomer,full_dbs,2020-05-14,ok,
1eruA00|target|target|T0.05|1,1eruA00|target|target,1eruA00,0.05,target,0.7024616362718568,0.7657,97.87942857142858,0.3496,0.418,0.418,ca_rmsd_dssp_non_loop,72,monomer,full_dbs,2020-05-14,ok,
1eruA00|target|target|T0.05|2,1eruA00|target|target,1eruA00,0.05,target,0.8296087785624245,0.7334,97.22095238095238,0.2818,0.3728,0.3728,ca_rmsd_dssp_non_loop,72,monomer,full_dbs,2020-05-14,ok,
1eruA00|target|target|T0.05|3,1eruA00|target|target,1eruA00,0.05,target,0.7742350249214351,0.7593,96.89609523809524,0.3977,0.4715,0.4715,ca_rmsd_dssp_non_loop,72,monomer,full_dbs,2020-05-14,ok,
1eruA00|target|target|T0.05|4,1eruA00|target|target,1eruA00,0.05,target,0.7177510569577399,0.742,97.56314285714285,0.3352,0.4228,0.4228,ca_rmsd_dssp_non_loop,72,monomer,full_dbs,2020-05-14,ok,
1eruA00|target|target|T0.05|5,1eruA00|target|target,1eruA00,0.05,target,0.7675066844094429,0.7186,96.53314285714285,0.3581,0.4614,0.4614,ca_rmsd_dssp_non_loop,72,monomer,full_dbs,2020-05-14,ok,
1bg5A03|target|target|T0.3|6,1bg5A03|target|target,1bg5A03,0.3,target,0.8549954106511454,1.2798,,,,,,,monomer,full_dbs,2020-05-14,failed,"ConnectionError: ('Connection aborted.', RemoteDisconnected('Remote end closed connection without response'))"
1eruA00|target|target|T0.05|6,1eruA00|target|target,1eruA00,0.05,target,0.7181367720550715,0.7432,97.45628571428571,0.3249,0.4245,0.4245,ca_rmsd_dssp_non_loop,72,monomer,full_dbs,2020-05-14,ok,
1eruA00|target|target|T0.05|7,1eruA00|target|target,1eruA00,0.05,target,0.8249824978936264,0.7102,97.60609523809524,0.2896,0.4071,0.4071,ca_rmsd_dssp_non_loop,72,monomer,full_dbs,2020-05-14,ok,
1eruA00|target|target|T0.1|0,1eruA00|target|target,1eruA00,0.1,target,0.8456590804130456,0.7139,96.95942857142857,0.3284,0.3948,0.3948,ca_rmsd_dssp_non_loop,72,monomer,full_dbs,2020-05-14,ok,
1eruA00|target|target|T0.1|2,1eruA00|target|target,1eruA00,0.1,target,0.7658029264260275,0.6993,97.49352380952381,0.2955,0.4045,0.4045,ca_rmsd_dssp_non_loop,72,monomer,full_dbs,2020-05-14,ok,
1eruA00|target|target|T0.1|3,1eruA00|target|target,1eruA00,0.1,target,0.8021838885585817,0.7484,97.34923809523809,0.2813,0.3946,0.3946,ca_rmsd_dssp_non_loop,72,monomer,full_dbs,2020-05-14,ok,
1eruA00|target|target|T0.1|4,1eruA00|target|target,1eruA00,0.1,target,0.7837439156443691,0.7432,97.26104761904762,0.3258,0.424,0.424,ca_rmsd_dssp_non_loop,72,monomer,full_dbs,2020-05-14,ok,
1eruA00|target|target|T0.1|5,1eruA00|target|target,1eruA00,0.1,target,0.7917057572071617,0.7392,97.57419047619048,0.4574,0.5023,0.5023,ca_rmsd_dssp_non_loop,72,monomer,full_dbs,2020-05-14,ok,
1eruA00|target|target|T0.1|6,1eruA00|target|target,1eruA00,0.1,target,0.76546113671411,0.7073,97.27704761904762,0.3704,0.4719,0.4719,ca_rmsd_dssp_non_loop,72,monomer,full_dbs,2020-05-14,ok,
1eruA00|target|target|T0.1|7,1eruA00|target|target,1eruA00,0.1,target,0.783420904231824,0.7404,97.92761904761905,0.3579,0.4423,0.4423,ca_rmsd_dssp_non_loop,72,monomer,full_dbs,2020-05-14,ok,
1eruA00|target|target|T0.2|0,1eruA00|target|target,1eruA00,0.2,target,0.7490088901702329,0.8041,96.66838095238096,0.3825,0.4902,0.4902,ca_rmsd_dssp_non_loop,72,monomer,full_dbs,2020-05-14,ok,
1eruA00|target|target|T0.2|1,1eruA00|target|target,1eruA00,0.2,target,0.7742350249214351,0.7752,97.60409523809524,0.3319,0.4166,0.4166,ca_rmsd_dssp_non_loop,72,monomer,full_dbs,2020-05-14,ok,
1eruA00|target|target|T0.2|2,1eruA00|target|target,1eruA00,0.2,target,0.7204443239304575,0.752,97.21533333333333,0.4961,0.5441,0.5441,ca_rmsd_dssp_non_loop,72,monomer,full_dbs,2020-05-14,ok,
1eruA00|target|target|T0.2|3,1eruA00|target|target,1eruA00,0.2,target,0.8113869673827582,0.7927,97.67114285714285,0.5043,0.5452,0.5452,ca_rmsd_dssp_non_loop,72,monomer,full_dbs,2020-05-14,ok,
1eruA00|target|target|T0.2|4,1eruA00|target|target,1eruA00,0.2,target,0.7837439156443691,0.7307,96.85114285714286,0.2912,0.402,0.402,ca_rmsd_dssp_non_loop,72,monomer,full_dbs,2020-05-14,ok,
1eruA00|target|target|T0.2|5,1eruA00|target|target,1eruA00,0.2,target,0.7040516276171623,0.7697,97.05,0.5183,0.5687,0.5687,ca_rmsd_dssp_non_loop,72,monomer,full_dbs,2020-05-14,ok,
1eruA00|target|target|T0.2|6,1eruA00|target|target,1eruA00,0.2,target,0.8036908250308967,0.7493,97.48104761904762,0.307,0.4149,0.4149,ca_rmsd_dssp_non_loop,72,monomer,full_dbs,2020-05-14,ok,
1eruA00|target|target|T0.2|7,1eruA00|target|target,1eruA00,0.2,target,0.7725659626185978,0.7689,97.66561904761905,0.4789,0.4925,0.4925,ca_rmsd_dssp_non_loop,72,monomer,full_dbs,2020-05-14,ok,
1eruA00|target|target|T0.3|0,1eruA00|target|target,1eruA00,0.3,target,0.7935841346787332,0.7934,97.71514285714287,0.2702,0.3956,0.3956,ca_rmsd_dssp_non_loop,72,monomer,full_dbs,2020-05-14,ok,
1eruA00|target|target|T0.3|1,1eruA00|target|target,1eruA00,0.3,target,0.7208277900376051,0.7977,97.6944761904762,0.3634,0.4204,0.4204,ca_rmsd_dssp_non_loop,72,monomer,full_dbs,2020-05-14,ok,
1eruA00|target|target|T0.3|2,1eruA00|target|target,1eruA00,0.3,target,0.7450494433801825,0.8203,97.55695238095238,0.3696,0.4396,0.4396,ca_rmsd_dssp_non_loop,72,monomer,full_dbs,2020-05-14,ok,
1eruA00|target|target|T0.3|3,1eruA00|target|target,1eruA00,0.3,target,0.7475738349093666,0.7658,96.632,0.3647,0.4155,0.4155,ca_rmsd_dssp_non_loop,72,monomer,full_dbs,2020-05-14,ok,
1eruA00|target|target|T0.3|4,1eruA00|target|target,1eruA00,0.3,target,0.7395843871681743,0.8101,96.54780952380953,0.3364,0.4333,0.4333,ca_rmsd_dssp_non_loop,72,monomer,full_dbs,2020-05-14,ok,
1eruA00|target|target|T0.3|5,1eruA00|target|target,1eruA00,0.3,target,0.7111451778766378,0.8089,95.75933333333333,0.3748,0.4925,0.4925,ca_rmsd_dssp_non_loop,72,monomer,full_dbs,2020-05-14,ok,
1eruA00|target|target|T0.3|6,1eruA00|target|target,1eruA00,0.3,target,0.7340440008749307,0.858,97.79838095238095,0.4573,0.5348,0.5348,ca_rmsd_dssp_non_loop,72,monomer,full_dbs,2020-05-14,ok,
1eruA00|target|target|T0.3|7,1eruA00|target|target,1eruA00,0.3,target,0.77356844305634,0.7046,97.58390476190476,0.3348,0.4701,0.4701,ca_rmsd_dssp_non_loop,72,monomer,full_dbs,2020-05-14,ok,
1hufA00|target|target|T0.05|0,1hufA00|target|target,1hufA00,0.05,target,0.7569923388195972,0.7278,79.88138211382113,5.4946,1.5301,5.5192,ca_rmsd_dssp_non_loop,80,monomer,full_dbs,2020-05-14,ok,
1hufA00|target|target|T0.05|1,1hufA00|target|target,1hufA00,0.05,target,0.7448287641394561,0.7287,93.19560975609755,5.6077,0.631,5.664,ca_rmsd_dssp_non_loop,80,monomer,full_dbs,2020-05-14,ok,
1hufA00|target|target|T0.05|2,1hufA00|target|target,1hufA00,0.05,target,0.6971622826666588,0.7646,78.33804878048781,5.863,1.7597,6.0292,ca_rmsd_dssp_non_loop,80,monomer,full_dbs,2020-05-14,ok,
1hufA00|target|target|T0.05|3,1hufA00|target|target,1hufA00,0.05,target,0.7623358121872282,0.7753,94.33032520325203,5.5781,0.5216,5.6329,ca_rmsd_dssp_non_loop,80,monomer,full_dbs,2020-05-14,ok,
1hufA00|target|target|T0.05|4,1hufA00|target|target,1hufA00,0.05,target,0.7482132799971464,0.7377,93.54081300813009,5.6287,0.7331,5.6819,ca_rmsd_dssp_non_loop,80,monomer,full_dbs,2020-05-14,ok,
1hufA00|target|target|T0.05|5,1hufA00|target|target,1hufA00,0.05,target,0.7784377375159406,0.7091,90.29772357723579,5.5829,0.6723,5.675,ca_rmsd_dssp_non_loop,80,monomer,full_dbs,2020-05-14,ok,
1hufA00|target|target|T0.05|6,1hufA00|target|target,1hufA00,0.05,target,0.7801158235603312,0.7543,89.76422764227642,5.6219,0.5085,5.6667,ca_rmsd_dssp_non_loop,80,monomer,full_dbs,2020-05-14,ok,
1hufA00|target|target|T0.05|7,1hufA00|target|target,1hufA00,0.05,target,0.6804351639958763,0.792,92.11048780487805,5.5992,0.7652,5.638,ca_rmsd_dssp_non_loop,80,monomer,full_dbs,2020-05-14,ok,
1hufA00|target|target|T0.1|0,1hufA00|target|target,1hufA00,0.1,target,0.6455819013230366,0.792,89.32040650406503,5.5373,0.5681,5.5859,ca_rmsd_dssp_non_loop,80,monomer,full_dbs,2020-05-14,ok,
1hufA00|target|target|T0.1|1,1hufA00|target|target,1hufA00,0.1,target,0.8299172128348258,0.6944,85.13268292682926,5.5618,1.0699,5.6065,ca_rmsd_dssp_non_loop,80,monomer,full_dbs,2020-05-14,ok,
1hufA00|target|target|T0.1|2,1hufA00|target|target,1hufA00,0.1,target,0.8080010059367984,0.7339,81.20357723577237,5.6041,2.3991,5.8899,ca_rmsd_dssp_non_loop,80,monomer,full_dbs,2020-05-14,ok,
1hufA00|target|target|T0.1|3,1hufA00|target|target,1hufA00,0.1,target,0.619129174978139,0.781,95.16235772357723,5.6134,0.616,5.6609,ca_rmsd_dssp_non_loop,80,monomer,full_dbs,2020-05-14,ok,
1hufA00|target|target|T0.1|4,1hufA00|target|target,1hufA00,0.1,target,0.693026953081414,0.8011,94.54869918699187,5.5848,0.4776,5.6354,ca_rmsd_dssp_non_loop,80,monomer,full_dbs,2020-05-14,ok,
1hufA00|target|target|T0.1|5,1hufA00|target|target,1hufA00,0.1,target,0.7747705314735885,0.7386,91.26032520325204,5.6163,0.5144,5.6587,ca_rmsd_dssp_non_loop,80,monomer,full_dbs,2020-05-14,ok,
1hufA00|target|target|T0.1|6,1hufA00|target|target,1hufA00,0.1,target,0.8156996841740399,0.7754,94.57325203252033,5.5996,0.7259,5.6826,ca_rmsd_dssp_non_loop,80,monomer,full_dbs,2020-05-14,ok,
1hufA00|target|target|T0.1|7,1hufA00|target|target,1hufA00,0.1,target,0.7293929245796031,0.7661,91.1340650406504,5.5975,0.7302,5.6919,ca_rmsd_dssp_non_loop,80,monomer,full_dbs,2020-05-14,ok,
1hufA00|target|target|T0.2|0,1hufA00|target|target,1hufA00,0.2,target,0.6466972334423038,0.7858,83.18634146341464,5.5771,2.19,5.7885,ca_rmsd_dssp_non_loop,80,monomer,full_dbs,2020-05-14,ok,
1hufA00|target|target|T0.2|1,1hufA00|target|target,1hufA00,0.2,target,0.8159440037589035,0.7664,93.58073170731707,5.6131,0.6839,5.6729,ca_rmsd_dssp_non_loop,80,monomer,full_dbs,2020-05-14,ok,
1hufA00|target|target|T0.2|2,1hufA00|target|target,1hufA00,0.2,target,0.8112589578986253,0.7463,90.1059349593496,5.6197,0.4999,5.6504,ca_rmsd_dssp_non_loop,80,monomer,full_dbs,2020-05-14,ok,
1hufA00|target|target|T0.2|3,1hufA00|target|target,1hufA00,0.2,target,0.8198190396242895,0.7347,72.83162601626017,5.749,3.4576,6.3635,ca_rmsd_dssp_non_loop,80,monomer,full_dbs,2020-05-14,ok,
1hufA00|target|target|T0.2|4,1hufA00|target|target,1hufA00,0.2,target,0.7842710124823306,0.7714,68.04235772357723,5.9014,3.0432,6.2817,ca_rmsd_dssp_non_loop,80,monomer,full_dbs,2020-05-14,ok,
1hufA00|target|target|T0.2|5,1hufA00|target|target,1hufA00,0.2,target,0.7367109403726939,0.7945,97.16520325203251,5.6278,0.7358,5.6827,ca_rmsd_dssp_non_loop,80,monomer,full_dbs,2020-05-14,ok,
1hufA00|target|target|T0.2|6,1hufA00|target|target,1hufA00,0.2,target,0.5633967870665254,0.8214,95.11756097560975,5.5617,0.78,5.6655,ca_rmsd_dssp_non_loop,80,monomer,full_dbs,2020-05-14,ok,
1hufA00|target|target|T0.2|7,1hufA00|target|target,1hufA00,0.2,target,0.6729649763894909,0.7874,92.64333333333333,5.618,0.8073,5.6967,ca_rmsd_dssp_non_loop,80,monomer,full_dbs,2020-05-14,ok,
1hufA00|target|target|T0.3|0,1hufA00|target|target,1hufA00,0.3,target,0.6570287833920306,0.7998,93.9049593495935,5.5968,0.6521,5.6773,ca_rmsd_dssp_non_loop,80,monomer,full_dbs,2020-05-14,ok,
1hufA00|target|target|T0.3|1,1hufA00|target|target,1hufA00,0.3,target,0.6001712886502466,0.8058,95.28341463414634,5.6144,0.4891,5.6561,ca_rmsd_dssp_non_loop,80,monomer,full_dbs,2020-05-14,ok,
1hufA00|target|target|T0.3|2,1hufA00|target|target,1hufA00,0.3,target,0.7039838628175046,0.8467,86.3650406504065,5.6508,1.1253,5.6435,ca_rmsd_dssp_non_loop,80,monomer,full_dbs,2020-05-14,ok,
1hufA00|target|target|T0.3|3,1hufA00|target|target,1hufA00,0.3,target,0.795601089815287,0.7917,88.34943089430894,5.5638,0.8057,5.6206,ca_rmsd_dssp_non_loop,80,monomer,full_dbs,2020-05-14,ok,
1hufA00|target|target|T0.3|4,1hufA00|target|target,1hufA00,0.3,target,0.7605636817074372,0.8526,86.03780487804877,5.6309,2.3457,5.8392,ca_rmsd_dssp_non_loop,80,monomer,full_dbs,2020-05-14,ok,
1hufA00|target|target|T0.3|6,1hufA00|target|target,1hufA00,0.3,target,0.4232933503642863,0.8666,94.63552845528456,5.5555,0.7978,5.6451,ca_rmsd_dssp_non_loop,80,monomer,full_dbs,2020-05-14,ok,
1hufA00|target|target|T0.3|5,1hufA00|target|target,1hufA00,0.3,target,0.7209680019653504,0.8751,85.99471544715448,5.5772,0.9209,5.6644,ca_rmsd_dssp_non_loop,80,monomer,full_dbs,2020-05-14,ok,
1hufA00|target|target|T0.3|7,1hufA00|target|target,1hufA00,0.3,target,0.7850951850095216,0.8036,92.63390243902438,5.6459,0.7964,5.6966,ca_rmsd_dssp_non_loop,80,monomer,full_dbs,2020-05-14,ok,
1jygA00|target|target|T0.05|0,1jygA00|target|target,1jygA00,0.05,target,0.8621238926552874,1.1149,71.8304347826087,14.7806,9.362,9.362,ca_rmsd_dssp_non_loop,44,monomer,full_dbs,2020-05-14,ok,
1jygA00|target|target|T0.05|2,1jygA00|target|target,1jygA00,0.05,target,0.9411535011700478,1.0291,81.4436231884058,1.9136,4.4914,4.4914,ca_rmsd_dssp_non_loop,44,monomer,full_dbs,2020-05-14,ok,
1jygA00|target|target|T0.05|1,1jygA00|target|target,1jygA00,0.05,target,0.8558042063887263,1.0943,73.31739130434782,3.4708,6.4921,6.4921,ca_rmsd_dssp_non_loop,44,monomer,full_dbs,2020-05-14,ok,
1jygA00|target|target|T0.05|3,1jygA00|target|target,1jygA00,0.05,target,0.8871574494737052,1.0853,72.94391304347826,1.2939,4.3822,4.3822,ca_rmsd_dssp_non_loop,44,monomer,full_dbs,2020-05-14,ok,
1jygA00|target|target|T0.05|4,1jygA00|target|target,1jygA00,0.05,target,0.7958538996495435,1.0689,79.7050724637681,0.8042,4.6585,4.6585,ca_rmsd_dssp_non_loop,44,monomer,full_dbs,2020-05-14,ok,
1jygA00|target|target|T0.05|5,1jygA00|target|target,1jygA00,0.05,target,0.744734697450293,1.0361,77.0095652173913,0.9782,3.5012,3.5012,ca_rmsd_dssp_non_loop,44,monomer,full_dbs,2020-05-14,ok,
1jygA00|target|target|T0.05|6,1jygA00|target|target,1jygA00,0.05,target,0.8309624556741058,1.0828,77.15333333333334,1.5998,4.9314,4.9314,ca_rmsd_dssp_non_loop,44,monomer,full_dbs,2020-05-14,ok,
1jygA00|target|target|T0.05|7,1jygA00|target|target,1jygA00,0.05,target,0.8603921345995111,1.1386,85.67304347826087,1.3929,4.4977,4.4977,ca_rmsd_dssp_non_loop,44,monomer,full_dbs,2020-05-14,ok,
1jygA00|target|target|T0.1|0,1jygA00|target|target,1jygA00,0.1,target,0.8603921345995111,1.1162,82.4059420289855,0.8724,5.3685,5.3685,ca_rmsd_dssp_non_loop,44,monomer,full_dbs,2020-05-14,ok,
1jygA00|target|target|T0.1|1,1jygA00|target|target,1jygA00,0.1,target,0.8157953173742334,1.0473,87.64188405797101,1.1363,4.7315,4.7315,ca_rmsd_dssp_non_loop,44,monomer,full_dbs,2020-05-14,ok,
1jygA00|target|target|T0.1|2,1jygA00|target|target,1jygA00,0.1,target,0.8230851775879314,1.1337,86.1372463768116,1.0467,4.3836,4.3836,ca_rmsd_dssp_non_loop,44,monomer,full_dbs,2020-05-14,ok,
1jygA00|target|target|T0.1|3,1jygA00|target|target,1jygA00,0.1,target,0.8561615285443216,1.1201,76.43144927536233,6.7538,9.433,9.433,ca_rmsd_dssp_non_loop,44,monomer,full_dbs,2020-05-14,ok,
1jygA00|target|target|T0.1|4,1jygA00|target|target,1jygA00,0.1,target,0.8990457670210917,1.0642,85.3740579710145,0.9359,4.4156,4.4156,ca_rmsd_dssp_non_loop,44,monomer,full_dbs,2020-05-14,ok,
1jygA00|target|target|T0.1|5,1jygA00|target|target,1jygA00,0.1,target,0.9188815190685702,1.0837,78.88376811594202,3.4623,5.5933,5.5933,ca_rmsd_dssp_non_loop,44,monomer,full_dbs,2020-05-14,ok,
1jygA00|target|target|T0.1|6,1jygA00|target|target,1jygA00,0.1,target,0.8361894914287956,1.0728,82.66536231884058,0.9045,4.2171,4.2171,ca_rmsd_dssp_non_loop,44,monomer,full_dbs,2020-05-14,ok,
1jygA00|target|target|T0.2|0,1jygA00|target|target,1jygA00,0.2,target,0.7090994838828198,1.0792,85.52898550724638,0.8577,5.8951,5.8951,ca_rmsd_dssp_non_loop,44,monomer,full_dbs,2020-05-14,ok,
1jygA00|target|target|T0.1|7,1jygA00|target|target,1jygA00,0.1,target,0.8341946383088791,1.0968,81.88956521739131,0.7671,4.9981,4.9981,ca_rmsd_dssp_non_loop,44,monomer,full_dbs,2020-05-14,ok,
1jygA00|target|target|T0.2|1,1jygA00|target|target,1jygA00,0.2,target,0.779375188587483,1.0832,82.04304347826087,0.8393,4.5859,4.5859,ca_rmsd_dssp_non_loop,44,monomer,full_dbs,2020-05-14,ok,
1jygA00|target|target|T0.2|2,1jygA00|target|target,1jygA00,0.2,target,0.8781549029841081,1.0552,75.76855072463768,1.4693,3.5018,3.5018,ca_rmsd_dssp_non_loop,44,monomer,full_dbs,2020-05-14,ok,
1jygA00|target|target|T0.2|3,1jygA00|target|target,1jygA00,0.2,target,0.9133136247642938,1.1127,74.25536231884058,4.3562,6.3255,6.3255,ca_rmsd_dssp_non_loop,44,monomer,full_dbs,2020-05-14,ok,
1jygA00|target|target|T0.2|4,1jygA00|target|target,1jygA00,0.2,target,0.9006133266035713,1.0611,78.72840579710146,0.7981,5.8942,5.8942,ca_rmsd_dssp_non_loop,44,monomer,full_dbs,2020-05-14,ok,
1jygA00|target|target|T0.2|5,1jygA00|target|target,1jygA00,0.2,target,0.7272807230088584,1.1541,83.0068115942029,1.0345,5.33,5.33,ca_rmsd_dssp_non_loop,44,monomer,full_dbs,2020-05-14,ok,
1jygA00|target|target|T0.2|6,1jygA00|target|target,1jygA00,0.2,target,0.8740652709586111,1.0683,81.58623188405797,0.9254,4.3112,4.3112,ca_rmsd_dssp_non_loop,44,monomer,full_dbs,2020-05-14,ok,
1jygA00|target|target|T0.2|7,1jygA00|target|target,1jygA00,0.2,target,0.8971892417240785,1.1588,71.5627536231884,1.4176,3.1626,3.1626,ca_rmsd_dssp_non_loop,44,monomer,full_dbs,2020-05-14,ok,
1jygA00|target|target|T0.3|0,1jygA00|target|target,1jygA00,0.3,target,0.8341946383088791,1.2057,69.01826086956522,2.2706,4.6575,4.6575,ca_rmsd_dssp_non_loop,44,monomer,full_dbs,2020-05-14,ok,
1jygA00|target|target|T0.3|1,1jygA00|target|target,1jygA00,0.3,target,0.88540466385509,1.2657,79.1904347826087,1.8422,4.4918,4.4918,ca_rmsd_dssp_non_loop,44,monomer,full_dbs,2020-05-14,ok,
1jygA00|target|target|T0.3|2,1jygA00|target|target,1jygA00,0.3,target,0.8651955609446681,1.2025,80.09623188405797,2.1056,4.435,4.435,ca_rmsd_dssp_non_loop,44,monomer,full_dbs,2020-05-14,ok,
1jygA00|target|target|T0.3|3,1jygA00|target|target,1jygA00,0.3,target,0.8209649104253872,1.2992,81.01202898550724,0.8095,4.566,4.566,ca_rmsd_dssp_non_loop,44,monomer,full_dbs,2020-05-14,ok,
1jygA00|target|target|T0.3|4,1jygA00|target|target,1jygA00,0.3,target,0.8781549029841081,1.2077,76.94898550724638,3.3554,5.2224,5.2224,ca_rmsd_dssp_non_loop,44,monomer,full_dbs,2020-05-14,ok,
1jygA00|target|target|T0.3|5,1jygA00|target|target,1jygA00,0.3,target,0.7587954579574099,1.1494,75.95449275362319,0.8549,4.9788,4.9788,ca_rmsd_dssp_non_loop,44,monomer,full_dbs,2020-05-14,ok,
1jygA00|target|target|T0.3|6,1jygA00|target|target,1jygA00,0.3,target,0.9146806656296897,1.2413,77.14101449275361,1.2923,4.6995,4.6995,ca_rmsd_dssp_non_loop,44,monomer,full_dbs,2020-05-14,ok,
1jygA00|target|target|T0.3|7,1jygA00|target|target,1jygA00,0.3,target,0.8521902791991254,1.1811,76.69260869565217,2.1079,6.5852,6.5852,ca_rmsd_dssp_non_loop,44,monomer,full_dbs,2020-05-14,ok,
1ktuA00|target|target|T0.05|0,1ktuA00|target|target,1ktuA00,0.05,target,0.7307284726257022,1.1543,49.629230769230766,12.1281,13.6232,13.6232,ca_rmsd_dssp_non_loop,66,monomer,full_dbs,2020-05-14,ok,
1ktuA00|target|target|T0.05|1,1ktuA00|target|target,1ktuA00,0.05,target,0.6113207038367112,1.1869,49.0141958041958,9.4167,11.6468,11.6468,ca_rmsd_dssp_non_loop,66,monomer,full_dbs,2020-05-14,ok,
1ktuA00|target|target|T0.05|2,1ktuA00|target|target,1ktuA00,0.05,target,0.6156319989687,1.1284,51.83153846153846,5.7314,8.7053,8.7053,ca_rmsd_dssp_non_loop,66,monomer,full_dbs,2020-05-14,ok,
1ktuA00|target|target|T0.05|3,1ktuA00|target|target,1ktuA00,0.05,target,0.7141864108590215,1.2358,55.69909090909091,4.5619,6.5464,6.5464,ca_rmsd_dssp_non_loop,66,monomer,full_dbs,2020-05-14,ok,
1ktuA00|target|target|T0.05|4,1ktuA00|target|target,1ktuA00,0.05,target,0.6999947220194299,1.1466,49.69580419580419,4.424,6.1777,6.1777,ca_rmsd_dssp_non_loop,66,monomer,full_dbs,2020-05-14,ok,
1ktuA00|target|target|T0.05|5,1ktuA00|target|target,1ktuA00,0.05,target,0.377639276819499,1.1501,52.600419580419576,21.5955,15.6976,28.474,ca_rmsd_dssp_non_loop,66,monomer,full_dbs,2020-05-14,ok,
1ktuA00|target|target|T0.05|6,1ktuA00|target|target,1ktuA00,0.05,target,0.8028045766318863,1.2093,45.28867132867133,14.22,14.7259,14.7272,ca_rmsd_dssp_non_loop,66,monomer,full_dbs,2020-05-14,ok,
1ktuA00|target|target|T0.05|7,1ktuA00|target|target,1ktuA00,0.05,target,0.7821162900349237,1.2167,58.06867132867133,4.4774,6.2904,6.3063,ca_rmsd_dssp_non_loop,66,monomer,full_dbs,2020-05-14,ok,
1ktuA00|target|target|T0.1|0,1ktuA00|target|target,1ktuA00,0.1,target,0.8078474907785252,1.1585,56.658181818181816,3.1535,5.6676,5.6677,ca_rmsd_dssp_non_loop,66,monomer,full_dbs,2020-05-14,ok,
1ktuA00|target|target|T0.1|1,1ktuA00|target|target,1ktuA00,0.1,target,0.6654845083123107,1.1543,53.588811188811185,3.9146,6.2229,6.223,ca_rmsd_dssp_non_loop,66,monomer,full_dbs,2020-05-14,ok,
1ktuA00|target|target|T0.1|2,1ktuA00|target|target,1ktuA00,0.1,target,0.5128642931893488,1.1527,51.10650349650349,5.3143,7.9971,7.9976,ca_rmsd_dssp_non_loop,66,monomer,full_dbs,2020-05-14,ok,
1ktuA00|target|target|T0.1|3,1ktuA00|target|target,1ktuA00,0.1,target,0.6722989611875344,1.1952,49.983636363636364,4.2101,5.8442,5.845,ca_rmsd_dssp_non_loop,66,monomer,full_dbs,2020-05-14,ok,
1ktuA00|target|target|T0.1|4,1ktuA00|target|target,1ktuA00,0.1,target,0.7455930430848675,1.2092,46.5793006993007,6.1,7.8252,7.8258,ca_rmsd_dssp_non_loop,66,monomer,full_dbs,2020-05-14,ok,
1ktuA00|target|target|T0.1|5,1ktuA00|target|target,1ktuA00,0.1,target,0.5874821617669551,1.1585,45.618951048951054,11.1383,13.754,14.4215,ca_rmsd_dssp_non_loop,66,monomer,full_dbs,2020-05-14,ok,
1ktuA00|target|target|T0.1|6,1ktuA00|target|target,1ktuA00,0.1,target,0.6199252044969958,1.1533,51.22923076923077,4.0706,5.7448,5.745,ca_rmsd_dssp_non_loop,66,monomer,full_dbs,2020-05-14,ok,
1ktuA00|target|target|T0.1|7,1ktuA00|target|target,1ktuA00,0.1,target,0.5107675657770213,1.2267,52.506433566433564,3.6941,6.5093,6.5093,ca_rmsd_dssp_non_loop,66,monomer,full_dbs,2020-05-14,ok,
1ktuA00|target|target|T0.2|0,1ktuA00|target|target,1ktuA00,0.2,target,0.7209885888928156,1.3005,46.105384615384615,4.6576,6.6848,6.6848,ca_rmsd_dssp_non_loop,66,monomer,full_dbs,2020-05-14,ok,
1ktuA00|target|target|T0.2|1,1ktuA00|target|target,1ktuA00,0.2,target,0.5539154368487548,1.2532,39.5551048951049,11.2183,13.9308,13.9308,ca_rmsd_dssp_non_loop,66,monomer,full_dbs,2020-05-14,ok,
1ktuA00|target|target|T0.2|2,1ktuA00|target|target,1ktuA00,0.2,target,0.7453276595847287,1.3051,50.49426573426574,3.5769,5.8334,5.8334,ca_rmsd_dssp_non_loop,66,monomer,full_dbs,2020-05-14,ok,
1ktuA00|target|target|T0.2|3,1ktuA00|target|target,1ktuA00,0.2,target,0.7017540145928184,1.2634,52.696083916083914,3.8302,6.2433,6.245,ca_rmsd_dssp_non_loop,66,monomer,full_dbs,2020-05-14,ok,
1ktuA00|target|target|T0.2|4,1ktuA00|target|target,1ktuA00,0.2,target,0.7386340595295138,1.2368,44.1379020979021,7.5295,9.46,9.46,ca_rmsd_dssp_non_loop,66,monomer,full_dbs,2020-05-14,ok,
1ktuA00|target|target|T0.2|5,1ktuA00|target|target,1ktuA00,0.2,target,0.2763744361641215,1.1714,40.621048951048955,24.5645,20.8264,28.6818,ca_rmsd_dssp_non_loop,66,monomer,full_dbs,2020-05-14,ok,
1ktuA00|target|target|T0.2|6,1ktuA00|target|target,1ktuA00,0.2,target,0.8219756173289297,1.2163,66.59160839160839,4.5736,6.7486,6.7486,ca_rmsd_dssp_non_loop,66,monomer,full_dbs,2020-05-14,ok,
1ktuA00|target|target|T0.2|7,1ktuA00|target|target,1ktuA00,0.2,target,0.35427970079015314,1.1818,52.00699300699301,6.7655,10.3709,10.3709,ca_rmsd_dssp_non_loop,66,monomer,full_dbs,2020-05-14,ok,
1ktuA00|target|target|T0.3|0,1ktuA00|target|target,1ktuA00,0.3,target,0.7389039746948595,1.3842,43.56090909090909,23.2911,17.9958,20.0591,ca_rmsd_dssp_non_loop,66,monomer,full_dbs,2020-05-14,ok,
1ktuA00|target|target|T0.3|1,1ktuA00|target|target,1ktuA00,0.3,target,0.8697806796567993,1.2884,44.28244755244756,14.3885,15.3636,15.3705,ca_rmsd_dssp_non_loop,66,monomer,full_dbs,2020-05-14,ok,
1ktuA00|target|target|T0.3|2,1ktuA00|target|target,1ktuA00,0.3,target,0.6964584242930397,1.356,39.346013986013986,9.2027,10.5675,10.5675,ca_rmsd_dssp_non_loop,66,monomer,full_dbs,2020-05-14,ok,
1ktuA00|target|target|T0.3|3,1ktuA00|target|target,1ktuA00,0.3,target,0.4681550518609572,1.373,38.79,24.1887,14.8367,29.8722,ca_rmsd_dssp_non_loop,66,monomer,full_dbs,2020-05-14,ok,
1ktuA00|target|target|T0.3|4,1ktuA00|target|target,1ktuA00,0.3,target,0.5027272456802617,1.3912,40.034335664335664,12.5713,16.8636,27.8681,ca_rmsd_dssp_non_loop,66,monomer,full_dbs,2020-05-14,ok,
1ktuA00|target|target|T0.3|6,1ktuA00|target|target,1ktuA00,0.3,target,0.692005182775438,1.3015,58.92111888111888,4.2089,6.8883,6.8883,ca_rmsd_dssp_non_loop,66,monomer,full_dbs,2020-05-14,ok,
1eruA00|target|target|T0.1|1,1eruA00|target|target,1eruA00,0.1,target,0.7204443239304575,0.75,,,,,,,monomer,full_dbs,2020-05-14,failed,"ConnectionError: ('Connection aborted.', RemoteDisconnected('Remote end closed connection without response'))"
1ktuA00|target|target|T0.3|7,1ktuA00|target|target,1ktuA00,0.3,target,0.7760991431139188,1.3761,44.689230769230775,4.8903,7.1365,7.1365,ca_rmsd_dssp_non_loop,66,monomer,full_dbs,2020-05-14,ok,
1l5cA00|target|target|T0.05|0,1l5cA00|target|target,1l5cA00,0.05,target,0.2829247145070276,1.1913,49.6704347826087,11.4649,12.6008,24.404,ca_rmsd_dssp_non_loop,36,monomer,full_dbs,2020-05-14,ok,
1ktuA00|target|target|T0.3|5,1ktuA00|target|target,1ktuA00,0.3,target,0.7477095441849398,1.3601,31.143146853146856,8.6283,10.169,10.169,ca_rmsd_dssp_non_loop,66,monomer,full_dbs,2020-05-14,ok,
1l5cA00|target|target|T0.05|2,1l5cA00|target|target,1l5cA00,0.05,target,0.21533811605429432,1.1938,40.56108695652174,20.9687,12.8542,24.6506,ca_rmsd_dssp_non_loop,36,monomer,full_dbs,2020-05-14,ok,
1l5cA00|target|target|T0.05|3,1l5cA00|target|target,1l5cA00,0.05,target,0.16683020898946063,1.1199,38.82945652173913,21.0089,12.4014,24.9365,ca_rmsd_dssp_non_loop,36,monomer,full_dbs,2020-05-14,ok,
1l5cA00|target|target|T0.05|4,1l5cA00|target|target,1l5cA00,0.05,target,0.12201577778326488,1.1057,45.03663043478261,20.8515,13.5794,25.0844,ca_rmsd_dssp_non_loop,36,monomer,full_dbs,2020-05-14,ok,
1l5cA00|target|target|T0.05|5,1l5cA00|target|target,1l5cA00,0.05,target,0.12795856551584456,1.091,51.78021739130435,22.9171,14.9863,26.4046,ca_rmsd_dssp_non_loop,36,monomer,full_dbs,2020-05-14,ok,
1l5cA00|target|target|T0.05|7,1l5cA00|target|target,1l5cA00,0.05,target,0.2127780090908147,1.1923,50.88684782608696,21.2424,13.0272,13.0275,ca_rmsd_dssp_non_loop,36,monomer,full_dbs,2020-05-14,ok,
1l5cA00|target|target|T0.1|0,1l5cA00|target|target,1l5cA00,0.1,target,0.1900684884998206,1.1495,46.79891304347826,21.5386,13.8047,21.9876,ca_rmsd_dssp_non_loop,36,monomer,full_dbs,2020-05-14,ok,
1l5cA00|target|target|T0.1|1,1l5cA00|target|target,1l5cA00,0.1,target,0.40298486046707943,1.3004,55.14913043478261,20.2304,14.872,24.2287,ca_rmsd_dssp_non_loop,36,monomer,full_dbs,2020-05-14,ok,
1l5cA00|target|target|T0.1|2,1l5cA00|target|target,1l5cA00,0.1,target,0.31198198740586114,1.2099,49.81673913043478,8.7375,13.4657,13.4694,ca_rmsd_dssp_non_loop,36,monomer,full_dbs,2020-05-14,ok,
1l5cA00|target|target|T0.05|6,1l5cA00|target|target,1l5cA00,0.05,target,0.431520024277951,1.3155,65.91076086956522,18.9699,12.9357,20.8483,ca_rmsd_dssp_non_loop,36,monomer,full_dbs,2020-05-14,ok,
1l5cA00|target|target|T0.1|4,1l5cA00|target|target,1l5cA00,0.1,target,0.27548754743117077,1.1981,61.98771739130434,5.255,8.234,8.234,ca_rmsd_dssp_non_loop,36,monomer,full_dbs,2020-05-14,ok,
1l5cA00|target|target|T0.1|3,1l5cA00|target|target,1l5cA00,0.1,target,0.2698827777751688,1.2144,35.12869565217392,21.1486,13.5634,26.0526,ca_rmsd_dssp_non_loop,36,monomer,full_dbs,2020-05-14,ok,
1l5cA00|target|target|T0.1|5,1l5cA00|target|target,1l5cA00,0.1,target,0.2258011666055764,1.1991,62.456304347826084,21.2069,16.0081,16.0707,ca_rmsd_dssp_non_loop,36,monomer,full_dbs,2020-05-14,ok,
1l5cA00|target|target|T0.1|6,1l5cA00|target|target,1l5cA00,0.1,target,0.280724727931195,1.1867,55.5695652173913,10.0025,14.9448,15.7123,ca_rmsd_dssp_non_loop,36,monomer,full_dbs,2020-05-14,ok,
1l5cA00|target|target|T0.1|7,1l5cA00|target|target,1l5cA00,0.1,target,0.39985076566566446,1.2605,53.665000000000006,7.4271,8.3959,8.3959,ca_rmsd_dssp_non_loop,36,monomer,full_dbs,2020-05-14,ok,
1l5cA00|target|target|T0.2|0,1l5cA00|target|target,1l5cA00,0.2,target,0.6112592953978954,1.3252,68.80021739130434,2.553,5.0332,5.0332,ca_rmsd_dssp_non_loop,36,monomer,full_dbs,2020-05-14,ok,
1l5cA00|target|target|T0.2|1,1l5cA00|target|target,1l5cA00,0.2,target,0.44436180164730105,1.3135,56.68380434782608,10.1863,13.8212,17.7723,ca_rmsd_dssp_non_loop,36,monomer,full_dbs,2020-05-14,ok,
1l5cA00|target|target|T0.2|2,1l5cA00|target|target,1l5cA00,0.2,target,0.2045231019379381,1.2202,40.095000000000006,8.1605,9.572,9.572,ca_rmsd_dssp_non_loop,36,monomer,full_dbs,2020-05-14,ok,
1l5cA00|target|target|T0.2|3,1l5cA00|target|target,1l5cA00,0.2,target,0.19788511393986988,1.2027,59.18532608695652,26.9779,16.7357,16.8776,ca_rmsd_dssp_non_loop,36,monomer,full_dbs,2020-05-14,ok,
1l5cA00|target|target|T0.2|5,1l5cA00|target|target,1l5cA00,0.2,target,0.2860221653936879,1.2327,62.829130434782606,11.0178,12.9725,12.9725,ca_rmsd_dssp_non_loop,36,monomer,full_dbs,2020-05-14,ok,
1l5cA00|target|target|T0.2|4,1l5cA00|target|target,1l5cA00,0.2,target,0.4134878587017802,1.3193,42.66532608695652,18.3748,16.3471,24.0673,ca_rmsd_dssp_non_loop,36,monomer,full_dbs,2020-05-14,ok,
1l5cA00|target|target|T0.2|6,1l5cA00|target|target,1l5cA00,0.2,target,0.15395488984288497,1.208,47.253913043478256,19.8934,16.9773,24.016,ca_rmsd_dssp_non_loop,36,monomer,full_dbs,2020-05-14,ok,
1l5cA00|target|target|T0.2|7,1l5cA00|target|target,1l5cA00,0.2,target,0.22127341911338907,1.1592,45.76413043478261,24.4334,18.005,28.3438,ca_rmsd_dssp_non_loop,36,monomer,full_dbs,2020-05-14,ok,
1l5cA00|target|target|T0.3|0,1l5cA00|target|target,1l5cA00,0.3,target,0.4610572926635054,1.413,65.63739130434783,3.0716,4.8243,4.8243,ca_rmsd_dssp_non_loop,36,monomer,full_dbs,2020-05-14,ok,
1l5cA00|target|target|T0.3|1,1l5cA00|target|target,1l5cA00,0.3,target,0.12651015601595036,1.1841,46.85402173913043,24.6999,15.9113,26.3613,ca_rmsd_dssp_non_loop,36,monomer,full_dbs,2020-05-14,ok,
1l5cA00|target|target|T0.3|2,1l5cA00|target|target,1l5cA00,0.3,target,0.6778509377947672,1.4944,51.7470652173913,20.6587,22.1049,31.2563,ca_rmsd_dssp_non_loop,36,monomer,full_dbs,2020-05-14,ok,
1l5cA00|target|target|T0.3|4,1l5cA00|target|target,1l5cA00,0.3,target,0.17958960299767235,1.2766,52.03032608695652,13.17,13.7424,13.7458,ca_rmsd_dssp_non_loop,36,monomer,full_dbs,2020-05-14,ok,
1l5cA00|target|target|T0.3|3,1l5cA00|target|target,1l5cA00,0.3,target,0.300437080216122,1.3186,54.16858695652174,20.7761,12.7222,23.4279,ca_rmsd_dssp_non_loop,36,monomer,full_dbs,2020-05-14,ok,
1l5cA00|target|target|T0.3|5,1l5cA00|target|target,1l5cA00,0.3,target,0.3766215306681548,1.4572,42.13532608695652,18.4135,13.2256,13.254,ca_rmsd_dssp_non_loop,36,monomer,full_dbs,2020-05-14,ok,
1l5cA00|target|target|T0.3|6,1l5cA00|target|target,1l5cA00,0.3,target,0.07528108764950583,1.1742,50.06684782608695,24.4637,14.0507,25.1773,ca_rmsd_dssp_non_loop,36,monomer,full_dbs,2020-05-14,ok,
1nr3A00|target|target|T0.05|0,1nr3A00|target|target,1nr3A00,0.05,target,0.8848998780425821,1.5002,75.94008196721312,42.8704,36.6754,50.8579,ca_rmsd_dssp_non_loop,63,monomer,full_dbs,2020-05-14,ok,
1nr3A00|target|target|T0.05|1,1nr3A00|target|target,1nr3A00,0.05,target,0.857789354011301,1.469,49.790983606557376,25.5927,15.1145,29.1495,ca_rmsd_dssp_non_loop,63,monomer,full_dbs,2020-05-14,ok,
1nr3A00|target|target|T0.05|2,1nr3A00|target|target,1nr3A00,0.05,target,0.8131819401892849,1.5085,45.182459016393445,23.8226,15.4339,26.3218,ca_rmsd_dssp_non_loop,63,monomer,full_dbs,2020-05-14,ok,
1nr3A00|target|target|T0.05|3,1nr3A00|target|target,1nr3A00,0.05,target,0.8775230450649121,1.4996,48.79188524590164,15.1414,19.0013,19.0013,ca_rmsd_dssp_non_loop,63,monomer,full_dbs,2020-05-14,ok,
1l5cA00|target|target|T0.3|7,1l5cA00|target|target,1l5cA00,0.3,target,0.3299832382622672,1.3311,37.523804347826086,20.5403,13.2165,25.1757,ca_rmsd_dssp_non_loop,36,monomer,full_dbs,2020-05-14,ok,
1nr3A00|target|target|T0.05|4,1nr3A00|target|target,1nr3A00,0.05,target,0.9101184421241871,1.4704,52.70680327868852,15.4198,14.3313,14.3313,ca_rmsd_dssp_non_loop,63,monomer,full_dbs,2020-05-14,ok,
1nr3A00|target|target|T0.05|5,1nr3A00|target|target,1nr3A00,0.05,target,0.6620535552506923,1.4711,46.98622950819672,21.5656,12.7858,12.7858,ca_rmsd_dssp_non_loop,63,monomer,full_dbs,2020-05-14,ok,
1nr3A00|target|target|T0.05|6,1nr3A00|target|target,1nr3A00,0.05,target,0.8563837500622538,1.4848,62.40172131147541,26.5853,19.1054,31.1043,ca_rmsd_dssp_non_loop,63,monomer,full_dbs,2020-05-14,ok,
1nr3A00|target|target|T0.05|7,1nr3A00|target|target,1nr3A00,0.05,target,0.8996887025122756,1.5055,56.51196721311475,32.2865,23.3222,36.9626,ca_rmsd_dssp_non_loop,63,monomer,full_dbs,2020-05-14,ok,
1nr3A00|target|target|T0.1|0,1nr3A00|target|target,1nr3A00,0.1,target,0.8537426792899767,1.5647,65.74098360655738,39.0587,31.686,44.7897,ca_rmsd_dssp_non_loop,63,monomer,full_dbs,2020-05-14,ok,
1nr3A00|target|target|T0.1|1,1nr3A00|target|target,1nr3A00,0.1,target,0.661319596610356,1.5589,46.02319672131147,11.4978,13.6648,13.6648,ca_rmsd_dssp_non_loop,63,monomer,full_dbs,2020-05-14,ok,
1nr3A00|target|target|T0.1|2,1nr3A00|target|target,1nr3A00,0.1,target,0.8370435949604322,1.5462,46.61450819672131,23.445,17.5966,27.9236,ca_rmsd_dssp_non_loop,63,monomer,full_dbs,2020-05-14,ok,
1nr3A00|target|target|T0.1|3,1nr3A00|target|target,1nr3A00,0.1,target,0.8136795175798966,1.5554,48.29549180327869,11.0301,14.3174,16.3153,ca_rmsd_dssp_non_loop,63,monomer,full_dbs,2020-05-14,ok,
1nr3A00|target|target|T0.1|4,1nr3A00|target|target,1nr3A00,0.1,target,0.8343424621099841,1.5296,54.624836065573774,22.1647,16.4352,23.1436,ca_rmsd_dssp_non_loop,63,monomer,full_dbs,2020-05-14,ok,
1nr3A00|target|target|T0.1|5,1nr3A00|target|target,1nr3A00,0.1,target,0.7441289977023618,1.5262,43.978524590163936,21.7463,12.7285,12.7285,ca_rmsd_dssp_non_loop,63,monomer,full_dbs,2020-05-14,ok,
1nr3A00|target|target|T0.1|7,1nr3A00|target|target,1nr3A00,0.1,target,0.9247372688993356,1.5157,71.41106557377049,40.131,33.8414,45.2209,ca_rmsd_dssp_non_loop,63,monomer,full_dbs,2020-05-14,ok,
1nr3A00|target|target|T0.1|6,1nr3A00|target|target,1nr3A00,0.1,target,0.7869914780509818,1.5382,54.27647540983606,22.4174,14.5096,26.6897,ca_rmsd_dssp_non_loop,63,monomer,full_dbs,2020-05-14,ok,
1nr3A00|target|target|T0.2|0,1nr3A00|target|target,1nr3A00,0.2,target,0.793780993253321,1.6146,42.25811475409836,15.2632,19.7094,28.9487,ca_rmsd_dssp_non_loop,63,monomer,full_dbs,2020-05-14,ok,
1nr3A00|target|target|T0.2|1,1nr3A00|target|target,1nr3A00,0.2,target,0.5721165302514042,1.5891,42.36286885245902,23.8389,15.6416,27.1155,ca_rmsd_dssp_non_loop,63,monomer,full_dbs,2020-05-14,ok,
1nr3A00|target|target|T0.2|2,1nr3A00|target|target,1nr3A00,0.2,target,0.8224615829194448,1.6833,54.400163934426224,11.8445,12.8223,12.8223,ca_rmsd_dssp_non_loop,63,monomer,full_dbs,2020-05-14,ok,
1nr3A00|target|target|T0.2|3,1nr3A00|target|target,1nr3A00,0.2,target,0.5070487133244382,1.5098,57.09352459016393,14.4787,13.5099,13.5099,ca_rmsd_dssp_non_loop,63,monomer,full_dbs,2020-05-14,ok,
1nr3A00|target|target|T0.2|4,1nr3A00|target|target,1nr3A00,0.2,target,0.8757502054525748,1.5632,66.94549180327868,40.2202,38.8013,40.0165,ca_rmsd_dssp_non_loop,63,monomer,full_dbs,2020-05-14,ok,
1nr3A00|target|target|T0.2|5,1nr3A00|target|target,1nr3A00,0.2,target,0.7964515591256306,1.6385,56.068934426229504,10.4988,11.1569,11.1569,ca_rmsd_dssp_non_loop,63,monomer,full_dbs,2020-05-14,ok,
1nr3A00|target|target|T0.2|6,1nr3A00|target|target,1nr3A00,0.2,target,0.7603184569422721,1.6675,41.59245901639344,25.782,15.5269,28.2411,ca_rmsd_dssp_non_loop,63,monomer,full_dbs,2020-05-14,ok,
1nr3A00|target|target|T0.2|7,1nr3A00|target|target,1nr3A00,0.2,target,0.7150421057009897,1.6446,41.9082786885246,7.4072,9.3494,9.3494,ca_rmsd_dssp_non_loop,63,monomer,full_dbs,2020-05-14,ok,
1nr3A00|target|target|T0.3|1,1nr3A00|target|target,1nr3A00,0.3,target,0.8156596078417442,1.8307,44.49639344262295,12.2562,16.7132,16.7132,ca_rmsd_dssp_non_loop,63,monomer,full_dbs,2020-05-14,ok,
1nr3A00|target|target|T0.3|0,1nr3A00|target|target,1nr3A00,0.3,target,0.857589258367183,1.7542,80.38418032786886,43.1578,37.8795,51.2092,ca_rmsd_dssp_non_loop,63,monomer,full_dbs,2020-05-14,ok,
1nr3A00|target|target|T0.3|2,1nr3A00|target|target,1nr3A00,0.3,target,0.5090973565703121,1.6395,48.12688524590163,23.3582,14.5554,24.5581,ca_rmsd_dssp_non_loop,63,monomer,full_dbs,2020-05-14,ok,
1nr3A00|target|target|T0.3|4,1nr3A00|target|target,1nr3A00,0.3,target,0.6744094308156529,1.7711,50.16852459016394,9.2684,10.7762,10.7762,ca_rmsd_dssp_non_loop,63,monomer,full_dbs,2020-05-14,ok,
1nr3A00|target|target|T0.3|3,1nr3A00|target|target,1nr3A00,0.3,target,0.8248426888129405,1.8027,36.57262295081967,23.2013,17.2441,24.3203,ca_rmsd_dssp_non_loop,63,monomer,full_dbs,2020-05-14,ok,
1nr3A00|target|target|T0.3|5,1nr3A00|target|target,1nr3A00,0.3,target,0.828832723353241,1.7821,48.090409836065575,10.3683,12.7535,12.8084,ca_rmsd_dssp_non_loop,63,monomer,full_dbs,2020-05-14,ok,
1nr3A00|target|target|T0.3|6,1nr3A00|target|target,1nr3A00,0.3,target,0.870668816881741,1.6962,57.45213114754098,7.2691,10.1192,10.1192,ca_rmsd_dssp_non_loop,63,monomer,full_dbs,2020-05-14,ok,
1nr3A00|target|target|T0.3|7,1nr3A00|target|target,1nr3A00,0.3,target,0.5809214986394118,1.7877,60.373688524590165,17.6398,18.8391,18.8391,ca_rmsd_dssp_non_loop,63,monomer,full_dbs,2020-05-14,ok,
1o8rA00|target|target|T0.05|0,1o8rA00|target|target,1o8rA00,0.05,target,0.6326039783300037,1.2517,63.950531914893624,24.2129,18.6788,29.8734,ca_rmsd_dssp_non_loop,32,monomer,full_dbs,2020-05-14,ok,
1o8rA00|target|target|T0.05|1,1o8rA00|target|target,1o8rA00,0.05,target,0.6583995558751286,1.2299,53.195957446808514,21.811,17.9165,31.1737,ca_rmsd_dssp_non_loop,32,monomer,full_dbs,2020-05-14,ok,
1o8rA00|target|target|T0.05|3,1o8rA00|target|target,1o8rA00,0.05,target,0.7287095291282601,1.2309,58.18095744680851,19.3657,21.4298,21.4298,ca_rmsd_dssp_non_loop,32,monomer,full_dbs,2020-05-14,ok,
1o8rA00|target|target|T0.05|4,1o8rA00|target|target,1o8rA00,0.05,target,0.7124338290116411,1.2235,52.76297872340426,1.5581,12.8088,12.8088,ca_rmsd_dssp_non_loop,32,monomer,full_dbs,2020-05-14,ok,
1o8rA00|target|target|T0.05|5,1o8rA00|target|target,1o8rA00,0.05,target,0.5156332006065616,1.1547,48.97287234042553,5.2119,13.0464,25.0158,ca_rmsd_dssp_non_loop,32,monomer,full_dbs,2020-05-14,ok,
1o8rA00|target|target|T0.05|2,1o8rA00|target|target,1o8rA00,0.05,target,0.509785984209225,1.1462,57.78702127659574,19.2097,21.3656,21.3656,ca_rmsd_dssp_non_loop,32,monomer,full_dbs,2020-05-14,ok,
1o8rA00|target|target|T0.05|7,1o8rA00|target|target,1o8rA00,0.05,target,0.6883336442792994,1.2112,57.25287234042553,17.852,23.777,35.7173,ca_rmsd_dssp_non_loop,32,monomer,full_dbs,2020-05-14,ok,
1o8rA00|target|target|T0.05|6,1o8rA00|target|target,1o8rA00,0.05,target,0.4863863442750474,1.2877,53.56159574468085,21.2106,19.8409,31.7922,ca_rmsd_dssp_non_loop,32,monomer,full_dbs,2020-05-14,ok,
1o8rA00|target|target|T0.1|0,1o8rA00|target|target,1o8rA00,0.1,target,0.5922299290919214,1.2062,54.57053191489362,22.0067,16.8133,16.9733,ca_rmsd_dssp_non_loop,32,monomer,full_dbs,2020-05-14,ok,
1o8rA00|target|target|T0.1|1,1o8rA00|target|target,1o8rA00,0.1,target,0.7621822091754328,1.2338,57.51287234042553,10.2738,15.8642,27.6911,ca_rmsd_dssp_non_loop,32,monomer,full_dbs,2020-05-14,ok,
1o8rA00|target|target|T0.1|2,1o8rA00|target|target,1o8rA00,0.1,target,0.6458509920721172,1.2467,60.44542553191489,29.0382,22.8222,23.7187,ca_rmsd_dssp_non_loop,32,monomer,full_dbs,2020-05-14,ok,
1o8rA00|target|target|T0.1|3,1o8rA00|target|target,1o8rA00,0.1,target,0.6579208637039554,1.2602,54.61255319148936,25.0862,18.7901,18.8128,ca_rmsd_dssp_non_loop,32,monomer,full_dbs,2020-05-14,ok,
1o8rA00|target|target|T0.1|4,1o8rA00|target|target,1o8rA00,0.1,target,0.7071748195508474,1.2315,61.836063829787236,13.7907,18.8788,19.4672,ca_rmsd_dssp_non_loop,32,monomer,full_dbs,2020-05-14,ok,
1o8rA00|target|target|T0.1|6,1o8rA00|target|target,1o8rA00,0.1,target,0.6583995558751286,1.2975,52.856808510638295,8.7335,16.9523,17.2131,ca_rmsd_dssp_non_loop,32,monomer,full_dbs,2020-05-14,ok,
1o8rA00|target|target|T0.1|5,1o8rA00|target|target,1o8rA00,0.1,target,0.7227808814150563,1.2513,60.54255319148936,35.6847,26.106,39.1745,ca_rmsd_dssp_non_loop,32,monomer,full_dbs,2020-05-14,ok,
1o8rA00|target|target|T0.1|7,1o8rA00|target|target,1o8rA00,0.1,target,0.4906393916833669,1.2641,54.988404255319146,10.6022,18.8147,18.8151,ca_rmsd_dssp_non_loop,32,monomer,full_dbs,2020-05-14,ok,
1o8rA00|target|target|T0.2|0,1o8rA00|target|target,1o8rA00,0.2,target,0.6191536488052185,1.2814,51.56734042553192,4.8915,12.9967,13.3437,ca_rmsd_dssp_non_loop,32,monomer,full_dbs,2020-05-14,ok,
1o8rA00|target|target|T0.2|2,1o8rA00|target|target,1o8rA00,0.2,target,0.7206442560534669,1.3003,57.38585106382979,28.0441,23.0217,33.8766,ca_rmsd_dssp_non_loop,32,monomer,full_dbs,2020-05-14,ok,
1o8rA00|target|target|T0.2|3,1o8rA00|target|target,1o8rA00,0.2,target,0.6365509944374981,1.2746,63.53521276595745,9.8565,17.269,30.3549,ca_rmsd_dssp_non_loop,32,monomer,full_dbs,2020-05-14,ok,
1o8rA00|target|target|T0.2|4,1o8rA00|target|target,1o8rA00,0.2,target,0.6679046737125812,1.3153,62.02074468085106,18.7217,23.3647,34.0015,ca_rmsd_dssp_non_loop,32,monomer,full_dbs,2020-05-14,ok,
1o8rA00|target|target|T0.2|5,1o8rA00|target|target,1o8rA00,0.2,target,0.5668317176859206,1.3253,52.083829787234045,5.2522,10.5983,10.5983,ca_rmsd_dssp_non_loop,32,monomer,full_dbs,2020-05-14,ok,
1o8rA00|target|target|T0.2|6,1o8rA00|target|target,1o8rA00,0.2,target,0.7480209631778236,1.3046,52.453936170212764,19.8982,17.0059,17.0159,ca_rmsd_dssp_non_loop,32,monomer,full_dbs,2020-05-14,ok,
1o8rA00|target|target|T0.2|7,1o8rA00|target|target,1o8rA00,0.2,target,0.5065953621204484,1.2339,40.85595744680851,9.4928,17.1532,28.4554,ca_rmsd_dssp_non_loop,32,monomer,full_dbs,2020-05-14,ok,
1o8rA00|target|target|T0.3|0,1o8rA00|target|target,1o8rA00,0.3,target,0.5484643826183678,1.4302,51.98765957446809,12.0548,16.3241,16.3241,ca_rmsd_dssp_non_loop,32,monomer,full_dbs,2020-05-14,ok,
1o8rA00|target|target|T0.2|1,1o8rA00|target|target,1o8rA00,0.2,target,0.5384346666415147,1.2215,58.31287234042553,7.7784,15.3801,15.3801,ca_rmsd_dssp_non_loop,32,monomer,full_dbs,2020-05-14,ok,
1o8rA00|target|target|T0.3|1,1o8rA00|target|target,1o8rA00,0.3,target,0.4927664621610413,1.4424,55.38723404255319,20.6799,18.7852,26.993,ca_rmsd_dssp_non_loop,32,monomer,full_dbs,2020-05-14,ok,
1o8rA00|target|target|T0.3|2,1o8rA00|target|target,1o8rA00,0.3,target,0.518820890539655,1.3762,45.95063829787234,8.6827,12.1196,12.1196,ca_rmsd_dssp_non_loop,32,monomer,full_dbs,2020-05-14,ok,
1o8rA00|target|target|T0.3|3,1o8rA00|target|target,1o8rA00,0.3,target,0.7159083623135283,1.492,65.6895744680851,17.8254,20.0198,20.0198,ca_rmsd_dssp_non_loop,32,monomer,full_dbs,2020-05-14,ok,
1o8rA00|target|target|T0.3|4,1o8rA00|target|target,1o8rA00,0.3,target,0.507658975350731,1.3468,56.82627659574468,26.9416,22.0986,33.1126,ca_rmsd_dssp_non_loop,32,monomer,full_dbs,2020-05-14,ok,
1o8rA00|target|target|T0.3|5,1o8rA00|target|target,1o8rA00,0.3,target,0.7625676546305594,1.4006,62.36234042553192,20.2229,21.4614,32.625,ca_rmsd_dssp_non_loop,32,monomer,full_dbs,2020-05-14,ok,
1o8rA00|target|target|T0.3|7,1o8rA00|target|target,1o8rA00,0.3,target,0.6316144163986352,1.4964,50.22595744680851,13.3334,16.4145,16.4145,ca_rmsd_dssp_non_loop,32,monomer,full_dbs,2020-05-14,ok,
1o8rA00|target|target|T0.3|6,1o8rA00|target|target,1o8rA00,0.3,target,0.6569625147496505,1.3835,55.956489361702126,11.7444,16.5329,29.8479,ca_rmsd_dssp_non_loop,32,monomer,full_dbs,2020-05-14,ok,
2wejA00|target|target|T0.05|1,2wejA00|target|target,2wejA00,0.05,target,0.7383430998525661,0.7732,96.88930501930503,5.9958,0.6322,6.1205,ca_rmsd_dssp_non_loop,117,monomer,full_dbs,2020-05-14,ok,
2wejA00|target|target|T0.05|0,2wejA00|target|target,2wejA00,0.05,target,0.6572975277774722,0.7749,96.01084942084942,5.9938,0.6962,6.1253,ca_rmsd_dssp_non_loop,117,monomer,full_dbs,2020-05-14,ok,
2wejA00|target|target|T0.05|2,2wejA00|target|target,2wejA00,0.05,target,0.668341840320129,0.7557,96.68046332046333,5.9666,0.6841,6.1115,ca_rmsd_dssp_non_loop,117,monomer,full_dbs,2020-05-14,ok,
2wejA00|target|target|T0.05|3,2wejA00|target|target,2wejA00,0.05,target,0.6709043173001967,0.7653,95.97710424710425,5.9892,0.6532,6.1184,ca_rmsd_dssp_non_loop,117,monomer,full_dbs,2020-05-14,ok,
2wejA00|target|target|T0.05|4,2wejA00|target|target,2wejA00,0.05,target,0.6902056873464335,0.7672,96.00208494208495,5.9405,0.7477,6.0974,ca_rmsd_dssp_non_loop,117,monomer,full_dbs,2020-05-14,ok,
2wejA00|target|target|T0.05|5,2wejA00|target|target,2wejA00,0.05,target,0.6734566691464182,0.7487,95.03799227799227,5.9568,0.6427,6.1086,ca_rmsd_dssp_non_loop,117,monomer,full_dbs,2020-05-14,ok,
2wejA00|target|target|T0.05|6,2wejA00|target|target,2wejA00,0.05,target,0.6388077192800042,0.7664,93.94625482625483,5.9746,0.8128,6.1263,ca_rmsd_dssp_non_loop,117,monomer,full_dbs,2020-05-14,ok,
1l5cA00|target|target|T0.05|1,1l5cA00|target|target,1l5cA00,0.05,target,0.46971104512472467,1.2396,,,,,,,monomer,full_dbs,2020-05-14,failed,"ConnectionError: ('Connection aborted.', RemoteDisconnected('Remote end closed connection without response'))"
2wejA00|target|target|T0.05|7,2wejA00|target|target,2wejA00,0.05,target,0.66215126316724,0.7584,95.24625482625483,5.9781,0.6179,6.1197,ca_rmsd_dssp_non_loop,117,monomer,full_dbs,2020-05-14,ok,
2wejA00|target|target|T0.1|0,2wejA00|target|target,2wejA00,0.1,target,0.6142408123455243,0.772,95.62563706563706,5.9905,0.657,6.1236,ca_rmsd_dssp_non_loop,117,monomer,full_dbs,2020-05-14,ok,
2wejA00|target|target|T0.1|1,2wejA00|target|target,2wejA00,0.1,target,0.6235294056153478,0.7673,95.24509652509653,5.9801,0.6846,6.1278,ca_rmsd_dssp_non_loop,117,monomer,full_dbs,2020-05-14,ok,
2wejA00|target|target|T0.1|3,2wejA00|target|target,2wejA00,0.1,target,0.6238918699617475,0.7604,95.72621621621622,5.9938,0.8063,6.1455,ca_rmsd_dssp_non_loop,117,monomer,full_dbs,2020-05-14,ok,
2wejA00|target|target|T0.1|4,2wejA00|target|target,2wejA00,0.1,target,0.6853971191904505,0.7653,96.57814671814673,5.9285,0.7643,6.0706,ca_rmsd_dssp_non_loop,117,monomer,full_dbs,2020-05-14,ok,
2wejA00|target|target|T0.1|5,2wejA00|target|target,2wejA00,0.1,target,0.5772527651413004,0.755,94.90988416988417,5.992,0.6769,6.1387,ca_rmsd_dssp_non_loop,117,monomer,full_dbs,2020-05-14,ok,
2wejA00|target|target|T0.1|7,2wejA00|target|target,2wejA00,0.1,target,0.6202610443018375,0.7774,95.4149806949807,5.9494,0.6679,6.1006,ca_rmsd_dssp_non_loop,117,monomer,full_dbs,2020-05-14,ok,
2wejA00|target|target|T0.1|6,2wejA00|target|target,2wejA00,0.1,target,0.6652536613897342,0.779,95.85864864864864,5.9922,0.6452,6.1433,ca_rmsd_dssp_non_loop,117,monomer,full_dbs,2020-05-14,ok,
2wejA00|target|target|T0.2|0,2wejA00|target|target,2wejA00,0.2,target,0.649603611751984,0.8023,95.31490347490347,5.9527,0.8038,6.1053,ca_rmsd_dssp_non_loop,117,monomer,full_dbs,2020-05-14,ok,
2wejA00|target|target|T0.2|1,2wejA00|target|target,2wejA00,0.2,target,0.6847307059464147,0.776,96.14938223938223,5.9483,0.6864,6.0951,ca_rmsd_dssp_non_loop,117,monomer,full_dbs,2020-05-14,ok,
2wejA00|target|target|T0.2|2,2wejA00|target|target,2wejA00,0.2,target,0.678698972952899,0.7858,94.90625482625484,5.9711,0.6775,6.1243,ca_rmsd_dssp_non_loop,117,monomer,full_dbs,2020-05-14,ok,
2wejA00|target|target|T0.2|3,2wejA00|target|target,2wejA00,0.2,target,0.6269671822245744,0.7909,95.22220077220076,5.9847,0.6599,6.1177,ca_rmsd_dssp_non_loop,117,monomer,full_dbs,2020-05-14,ok,
2wejA00|target|target|T0.2|4,2wejA00|target|target,2wejA00,0.2,target,0.6388077192800042,0.7846,94.53934362934362,5.9523,0.7084,6.0897,ca_rmsd_dssp_non_loop,117,monomer,full_dbs,2020-05-14,ok,
2wejA00|target|target|T0.2|5,2wejA00|target|target,2wejA00,0.2,target,0.6469625539698688,0.7675,95.73737451737452,5.929,0.6591,6.0779,ca_rmsd_dssp_non_loop,117,monomer,full_dbs,2020-05-14,ok,
2wejA00|target|target|T0.2|6,2wejA00|target|target,2wejA00,0.2,target,0.6671425842684358,0.7983,95.92756756756758,5.9936,0.6177,6.1356,ca_rmsd_dssp_non_loop,117,monomer,full_dbs,2020-05-14,ok,
2wejA00|target|target|T0.2|7,2wejA00|target|target,2wejA00,0.2,target,0.7265409290308118,0.7849,96.10258687258687,5.9435,0.6114,6.089,ca_rmsd_dssp_non_loop,117,monomer,full_dbs,2020-05-14,ok,
2wejA00|target|target|T0.3|0,2wejA00|target|target,2wejA00,0.3,target,0.6892141351648422,0.854,95.07239382239382,5.9581,0.6541,6.1084,ca_rmsd_dssp_non_loop,117,monomer,full_dbs,2020-05-14,ok,
2wejA00|target|target|T0.3|1,2wejA00|target|target,2wejA00,0.3,target,0.700510444043723,0.8043,95.91598455598456,5.9618,0.5556,6.1139,ca_rmsd_dssp_non_loop,117,monomer,full_dbs,2020-05-14,ok,
2wejA00|target|target|T0.3|2,2wejA00|target|target,2wejA00,0.3,target,0.7236162761198995,0.832,96.43837837837839,5.9482,0.6895,6.0772,ca_rmsd_dssp_non_loop,117,monomer,full_dbs,2020-05-14,ok,
2wejA00|target|target|T0.3|3,2wejA00|target|target,2wejA00,0.3,target,0.6427181823910325,0.823,95.25996138996139,5.9667,0.9624,6.0902,ca_rmsd_dssp_non_loop,117,monomer,full_dbs,2020-05-14,ok,
2wejA00|target|target|T0.3|4,2wejA00|target|target,2wejA00,0.3,target,0.6559046266463915,0.7852,95.82818532818533,5.9502,0.6103,6.0974,ca_rmsd_dssp_non_loop,117,monomer,full_dbs,2020-05-14,ok,
2wejA00|target|target|T0.3|5,2wejA00|target|target,2wejA00,0.3,target,0.6581667188449879,0.8344,96.02795366795367,5.9203,0.6645,6.0688,ca_rmsd_dssp_non_loop,117,monomer,full_dbs,2020-05-14,ok,
2wejA00|target|target|T0.3|6,2wejA00|target|target,2wejA00,0.3,target,0.730207515832545,0.8481,96.24799227799228,5.9663,0.6694,6.1277,ca_rmsd_dssp_non_loop,117,monomer,full_dbs,2020-05-14,ok,
2wejA00|target|target|T0.3|7,2wejA00|target|target,2wejA00,0.3,target,0.7263874819577293,0.8427,96.05007722007723,5.9566,0.6432,6.1191,ca_rmsd_dssp_non_loop,117,monomer,full_dbs,2020-05-14,ok,
2wejA00|target|target|T0.1|2,2wejA00|target|target,2wejA00,0.1,target,0.6193512126192385,0.7786,,,,,,,monomer,full_dbs,2020-05-14,failed,"ConnectionError: ('Connection aborted.', RemoteDisconnected('Remote end closed connection without response'))"
