backbone_key,target_id,backbone_source,temperature,n_sequences,n_unique,positional_entropy,mean_pairwise_distance,mean_score,mean_global_score,mean_seq_recovery,mean_soluprot,soluprot_pass_yield,aa_A,aa_C,aa_D,aa_E,aa_F,aa_G,aa_H,aa_I,aa_K,aa_L,aa_M,aa_N,aa_P,aa_Q,aa_R,aa_S,aa_T,aa_V,aa_W,aa_Y,charged,hydrophobic,polar
1af7A01|target|target,1af7A01,target,0.05,16,16,0.4128,0.2608,0.8645,0.8645,0.4202,0.79,1.0,0.05201,0.00068,0.06911,0.1542,0.04243,0.05497,0.00981,0.05155,0.11793,0.14781,0.00798,0.01779,0.04015,0.00821,0.04197,0.04813,0.03786,0.06045,0.01118,0.02578,0.39302,0.39918,0.13846
1af7A01|target|target,1af7A01,target,0.1,16,16,0.4392,0.2762,0.8693,0.8693,0.4197,0.7743,1.0,0.05953,0.00068,0.06615,0.15283,0.04083,0.0552,0.00867,0.05589,0.11793,0.14142,0.00867,0.02213,0.04129,0.00958,0.03353,0.04927,0.03992,0.05931,0.01232,0.02486,0.37911,0.40283,0.14644
1af7A01|target|target,1af7A01,target,0.2,16,16,0.5285,0.3217,0.906,0.906,0.4108,0.7738,1.0,0.05566,0.00182,0.07003,0.14553,0.04334,0.05703,0.01095,0.0536,0.11839,0.14165,0.00821,0.02007,0.03946,0.013,0.0349,0.05315,0.0333,0.06318,0.01277,0.02395,0.37979,0.40237,0.1453
1af7A01|target|target,1af7A01,target,0.3,16,16,0.6267,0.3688,0.9554,0.9554,0.4086,0.7458,1.0,0.06364,0.00274,0.07345,0.13184,0.04037,0.05771,0.01118,0.05771,0.10265,0.13846,0.0089,0.02213,0.04311,0.01688,0.04083,0.05178,0.03695,0.06136,0.01118,0.02714,0.35995,0.40876,0.15762
1b5aA00|target|target,1b5aA00,target,0.05,16,16,0.368,0.2382,1.0462,1.0462,0.3391,0.8967,1.0,0.03191,0.0,0.05386,0.19548,0.01662,0.03191,0.02061,0.0113,0.21077,0.16822,0.00731,0.01862,0.03324,0.0,0.00332,0.0379,0.04721,0.04122,0.01197,0.05851,0.48404,0.34707,0.16223
1b5aA00|target|target,1b5aA00,target,0.1,16,16,0.4194,0.266,1.0615,1.0615,0.3271,0.8882,1.0,0.03191,0.0,0.05984,0.19481,0.01662,0.03457,0.01596,0.01064,0.2008,0.16888,0.00598,0.01729,0.03258,0.00066,0.00332,0.04255,0.04588,0.04189,0.00997,0.06582,0.47473,0.35173,0.17221
1b5aA00|target|target,1b5aA00,target,0.2,16,16,0.5703,0.3437,1.1283,1.1283,0.3112,0.8667,1.0,0.04388,0.0,0.07447,0.16423,0.01596,0.02926,0.01463,0.01529,0.1875,0.17819,0.00199,0.0266,0.03391,0.00399,0.00731,0.04987,0.04521,0.03989,0.0113,0.05652,0.44814,0.36303,0.18218
1b5aA00|target|target,1b5aA00,target,0.3,16,16,0.7014,0.4048,1.191,1.191,0.3132,0.8573,1.0,0.04255,0.00266,0.07247,0.16622,0.02128,0.03191,0.01463,0.01862,0.17686,0.1609,0.00598,0.0246,0.03524,0.00532,0.00997,0.0492,0.04588,0.04654,0.01197,0.05718,0.44016,0.36503,0.18484
1bctA00|target|target,1bctA00,target,0.05,16,16,1.0351,0.6171,1.2589,1.2589,0.0661,0.9367,0.9375,0.15036,0.0,0.00091,0.37772,0.0,0.01812,0.00091,0.00272,0.22736,0.03804,0.01268,0.00272,0.00996,0.00091,0.1404,0.01449,0.0,0.00272,0.0,0.0,0.74728,0.20652,0.01812
1bctA00|target|target,1bctA00,target,0.1,16,16,1.005,0.6088,1.243,1.243,0.0698,0.9875,1.0,0.09149,0.0,0.00091,0.40942,0.0,0.02083,0.00091,0.00091,0.17663,0.0308,0.01268,0.00362,0.00996,0.00091,0.2192,0.0154,0.0,0.00362,0.00091,0.00181,0.80707,0.14221,0.02174
1bctA00|target|target,1bctA00,target,0.2,16,16,1.1232,0.6498,1.3183,1.3183,0.0725,0.8519,0.875,0.24185,0.0,0.00272,0.31975,0.0,0.01993,0.00181,0.00272,0.08967,0.03804,0.01268,0.0,0.01178,0.00272,0.23279,0.0154,0.00091,0.00725,0.0,0.0,0.64674,0.30254,0.01902
1bctA00|target|target,1bctA00,target,0.3,16,16,1.2412,0.6925,1.4579,1.4579,0.0607,0.9339,0.9375,0.14674,0.0,0.00725,0.35145,0.00091,0.01993,0.00362,0.00815,0.13949,0.04891,0.01902,0.00453,0.00996,0.00906,0.19837,0.01812,0.00091,0.01268,0.0,0.00091,0.70018,0.23732,0.03351
1bg5A03|target|target,1bg5A03,target,0.05,16,16,0.4974,0.3147,1.2073,1.2073,0.2906,0.7787,1.0,0.04847,0.00197,0.03568,0.22835,0.02633,0.05659,0.00443,0.03962,0.10778,0.18307,0.00344,0.00591,0.08268,0.00369,0.02534,0.02682,0.01575,0.0502,0.00517,0.04872,0.40157,0.40502,0.10285
1bg5A03|target|target,1bg5A03,target,0.1,16,16,0.591,0.3615,1.2215,1.2215,0.2825,0.7733,1.0,0.04872,0.00148,0.03617,0.21531,0.02904,0.0561,0.00344,0.03986,0.12156,0.18184,0.00517,0.0091,0.07776,0.00271,0.02264,0.03051,0.01649,0.04577,0.00492,0.05143,0.39911,0.40674,0.11171
1bg5A03|target|target,1bg5A03,target,0.2,16,16,0.7538,0.4398,1.2779,1.2779,0.2869,0.7585,1.0,0.06299,0.00295,0.04331,0.20202,0.02879,0.05906,0.00443,0.03642,0.10531,0.17347,0.00689,0.00787,0.0716,0.00418,0.03839,0.03002,0.01919,0.05143,0.00492,0.04675,0.39345,0.41166,0.11097
1bg5A03|target|target,1bg5A03,target,0.3,16,16,0.9097,0.5041,1.3722,1.3722,0.2864,0.7562,1.0,0.0561,0.00369,0.04872,0.17692,0.03199,0.05684,0.00615,0.04724,0.1186,0.1656,0.00664,0.01255,0.06275,0.00763,0.03716,0.03617,0.02239,0.05167,0.00591,0.04528,0.38755,0.41043,0.12771
1bxmA00|target|target,1bxmA00,target,0.05,16,16,0.4009,0.2542,0.9356,0.9356,0.4602,0.6079,0.8125,0.09688,0.06,0.04625,0.08625,0.05312,0.03188,0.0,0.01,0.11375,0.09438,0.00625,0.04312,0.07062,0.04188,0.00875,0.07687,0.04625,0.06062,0.0,0.04312,0.255,0.36438,0.31125
1bxmA00|target|target,1bxmA00,target,0.1,16,16,0.4339,0.268,0.9525,0.9525,0.4577,0.6275,0.875,0.08313,0.06,0.04562,0.095,0.055,0.03188,0.0025,0.01937,0.11125,0.10187,0.00688,0.03313,0.07375,0.04375,0.01063,0.08063,0.0425,0.04688,0.00187,0.04437,0.265,0.35938,0.30438
1bxmA00|target|target,1bxmA00,target,0.2,16,16,0.5781,0.3387,0.9786,0.9786,0.4488,0.5652,0.6875,0.11,0.06,0.04875,0.08,0.06062,0.03188,0.00375,0.015,0.08313,0.09563,0.00813,0.03938,0.07,0.04688,0.02125,0.08125,0.04625,0.05063,0.0025,0.035,0.23688,0.3775,0.30875
1bxmA00|target|target,1bxmA00,target,0.3,16,16,0.6777,0.3892,1.0381,1.0381,0.4482,0.6425,0.9375,0.0825,0.0575,0.04938,0.09,0.06,0.02937,0.00313,0.01937,0.11063,0.09938,0.01438,0.0375,0.06375,0.04875,0.01625,0.08188,0.04625,0.045,0.00313,0.03188,0.26937,0.35563,0.30375
1c8zA00|target|target,1c8zA00,target,0.05,16,16,0.4388,0.2725,0.906,0.906,0.4241,0.6743,1.0,0.06745,0.00094,0.06769,0.11368,0.04505,0.07217,0.00307,0.06297,0.07241,0.09764,0.00189,0.03868,0.07052,0.00967,0.04363,0.04835,0.04788,0.08986,0.00189,0.04458,0.30047,0.41132,0.19009
1c8zA00|target|target,1c8zA00,target,0.1,16,16,0.4712,0.2892,0.9088,0.9088,0.4212,0.6958,1.0,0.06156,0.00189,0.05755,0.12524,0.0467,0.07264,0.00307,0.06722,0.08396,0.09906,0.00377,0.04387,0.06439,0.00755,0.04316,0.04623,0.04481,0.08019,0.00189,0.04528,0.31297,0.40566,0.18962
1c8zA00|target|target,1c8zA00,target,0.2,16,16,0.5512,0.3271,0.9425,0.9425,0.4191,0.6701,1.0,0.06462,0.00189,0.06132,0.11368,0.04858,0.075,0.00189,0.06627,0.07335,0.09858,0.00307,0.03915,0.07005,0.01392,0.04245,0.04953,0.05118,0.0809,0.00236,0.04222,0.29269,0.4066,0.19788
1c8zA00|target|target,1c8zA00,target,0.3,16,16,0.6431,0.3667,0.989,0.989,0.4186,0.6799,1.0,0.06132,0.00212,0.06745,0.10519,0.04033,0.07123,0.00283,0.06887,0.07877,0.09953,0.00566,0.03726,0.06604,0.01651,0.04198,0.05802,0.04788,0.07925,0.00259,0.04717,0.29623,0.40472,0.20896
1e9tA00|target|target,1e9tA00,target,0.05,16,16,0.6364,0.3814,1.351,1.351,0.2394,0.8454,1.0,0.0678,0.10911,0.08369,0.13453,0.0,0.07733,0.01695,0.0,0.13665,0.07203,0.0,0.00742,0.11123,0.0,0.01377,0.10911,0.01377,0.02331,0.0,0.02331,0.38559,0.18644,0.26271
1e9tA00|target|target,1e9tA00,target,0.1,16,16,0.6568,0.3814,1.3612,1.3612,0.2457,0.8397,1.0,0.0678,0.125,0.08369,0.1303,0.00106,0.06568,0.01907,0.00212,0.12394,0.06886,0.0,0.0053,0.11017,0.00106,0.01483,0.12818,0.00847,0.02648,0.0,0.01801,0.37182,0.18432,0.28602
1e9tA00|target|target,1e9tA00,target,0.2,16,16,0.8861,0.4928,1.4371,1.4371,0.233,0.8296,1.0,0.07521,0.125,0.08686,0.12924,0.00106,0.07203,0.02119,0.00636,0.09958,0.07097,0.0,0.01165,0.10169,0.0,0.0286,0.10699,0.02542,0.02119,0.0,0.01695,0.36547,0.19174,0.28602
1e9tA00|target|target,1e9tA00,target,0.3,16,16,0.9628,0.5306,1.4746,1.4746,0.2383,0.818,0.9375,0.06674,0.1303,0.10593,0.11441,0.00106,0.06992,0.01801,0.01377,0.13453,0.06674,0.00106,0.01483,0.07839,0.00318,0.01695,0.08792,0.02013,0.02966,0.0,0.02648,0.38983,0.20551,0.28284
1eruA00|target|target,1eruA00,target,0.05,16,16,0.3468,0.23,0.7345,0.7345,0.5726,0.7686,1.0,0.05417,0.01964,0.04821,0.1619,0.09107,0.05893,0.0,0.0494,0.18452,0.07202,0.00893,0.02381,0.04048,0.0,0.0125,0.02619,0.0244,0.08988,0.01369,0.02024,0.40714,0.3994,0.11429
1eruA00|target|target,1eruA00,target,0.1,16,16,0.3188,0.2087,0.7291,0.7291,0.581,0.788,1.0,0.05119,0.01905,0.0506,0.16607,0.0869,0.05952,0.0,0.0494,0.19107,0.06548,0.01012,0.02262,0.04107,0.00119,0.01071,0.02619,0.02024,0.09167,0.0131,0.02381,0.41845,0.39167,0.1131
1eruA00|target|target,1eruA00,target,0.2,16,16,0.4144,0.2574,0.7674,0.7674,0.5667,0.7611,1.0,0.05655,0.01964,0.04881,0.16786,0.09345,0.06071,0.0006,0.05,0.16548,0.06726,0.00893,0.02976,0.04167,0.00119,0.01667,0.02679,0.02083,0.09107,0.01369,0.01905,0.3994,0.4,0.11726
1eruA00|target|target,1eruA00,target,0.3,16,16,0.516,0.3145,0.8022,0.8022,0.5536,0.7498,1.0,0.05893,0.02083,0.05357,0.15536,0.0875,0.05655,0.0006,0.04762,0.16369,0.06667,0.00893,0.02619,0.04226,0.00536,0.02024,0.02857,0.02262,0.09464,0.01369,0.02619,0.39345,0.40417,0.12976
1hufA00|target|target,1hufA00,target,0.05,16,16,0.3498,0.2232,0.7413,0.7413,0.4563,0.7653,1.0,0.08333,0.00508,0.05234,0.16921,0.03659,0.09909,0.00102,0.01575,0.12043,0.14939,0.00864,0.02591,0.01067,0.02185,0.02896,0.02642,0.03963,0.07571,0.00305,0.02693,0.37195,0.39939,0.14583
1hufA00|target|target,1hufA00,target,0.1,16,16,0.4157,0.2602,0.7547,0.7547,0.471,0.7454,1.0,0.09096,0.00508,0.0564,0.15498,0.0315,0.09807,0.00152,0.01677,0.11941,0.15091,0.00813,0.02947,0.00813,0.0249,0.02947,0.02591,0.04014,0.08028,0.00051,0.02744,0.36179,0.4065,0.15295
1hufA00|target|target,1hufA00,target,0.2,16,16,0.4531,0.2729,0.7753,0.7753,0.4685,0.751,1.0,0.094,0.00305,0.06047,0.14736,0.03354,0.09654,0.00305,0.01321,0.10874,0.15193,0.00864,0.02896,0.00864,0.02591,0.03709,0.03252,0.04624,0.07724,0.0,0.02287,0.35671,0.40142,0.15955
1hufA00|target|target,1hufA00,target,0.3,16,16,0.5968,0.3417,0.8472,0.8472,0.4604,0.6715,0.9375,0.11179,0.00457,0.0564,0.12856,0.0315,0.09451,0.00254,0.01575,0.0813,0.15244,0.00813,0.03455,0.01321,0.03455,0.04217,0.03252,0.05183,0.07825,0.00203,0.02337,0.31098,0.42327,0.1814
1jygA00|target|target,1jygA00,target,0.05,16,16,0.5693,0.3479,1.0781,1.0781,0.2174,0.859,1.0,0.08243,0.0,0.0317,0.22645,0.04529,0.09058,0.0,0.01449,0.10326,0.14493,0.01268,0.01449,0.04982,0.0,0.06793,0.02899,0.03986,0.03714,0.00725,0.00272,0.42935,0.34692,0.08605
1jygA00|target|target,1jygA00,target,0.1,16,16,0.5528,0.3413,1.0878,1.0878,0.2174,0.8496,1.0,0.08696,0.0,0.02989,0.22011,0.05163,0.08967,0.00091,0.02355,0.11685,0.13406,0.01449,0.01902,0.04438,0.0,0.05525,0.02627,0.04076,0.03714,0.00453,0.00453,0.42301,0.35688,0.09058
1jygA00|target|target,1jygA00,target,0.2,16,16,0.6439,0.3818,1.0845,1.0845,0.2138,0.8441,1.0,0.09873,0.0,0.0308,0.2183,0.04167,0.08605,0.0,0.01993,0.0788,0.13949,0.00996,0.01721,0.05163,0.00091,0.09239,0.02083,0.04801,0.03442,0.00725,0.00362,0.42029,0.35507,0.09058
1jygA00|target|target,1jygA00,target,0.3,16,16,0.8125,0.4583,1.2106,1.2106,0.2219,0.8439,1.0,0.08877,0.00453,0.04167,0.2038,0.04891,0.09058,0.0,0.01812,0.13043,0.14221,0.01449,0.01812,0.03351,0.00634,0.05525,0.02083,0.03623,0.03261,0.00634,0.00725,0.43116,0.3587,0.0933
1ktuA00|target|target,1ktuA00,target,0.05,16,16,0.5656,0.3397,1.178,1.178,0.1648,0.6626,0.875,0.17876,0.01311,0.02229,0.16477,0.0236,0.14248,0.00262,0.01879,0.05507,0.10927,0.00087,0.0,0.08829,0.00524,0.04633,0.03715,0.03409,0.04939,0.00044,0.00743,0.29108,0.38855,0.09703
1ktuA00|target|target,1ktuA00,target,0.1,16,16,0.6314,0.372,1.1891,1.1891,0.1678,0.672,1.0,0.17133,0.01486,0.02622,0.1639,0.02666,0.14205,0.00087,0.02054,0.06337,0.10533,0.00087,0.00131,0.08698,0.00393,0.04458,0.03802,0.02928,0.04808,0.00087,0.01093,0.29895,0.38462,0.09834
1ktuA00|target|target,1ktuA00,target,0.2,16,16,0.7629,0.4359,1.2308,1.2308,0.1582,0.6433,0.75,0.17133,0.01792,0.02841,0.14248,0.02229,0.1451,0.00087,0.02142,0.05769,0.10533,0.00044,0.00175,0.08698,0.00699,0.04851,0.03759,0.04021,0.05682,0.0,0.00787,0.27797,0.38549,0.11233
1ktuA00|target|target,1ktuA00,target,0.3,16,16,0.9014,0.4963,1.3311,1.3311,0.1477,0.6614,0.875,0.15428,0.02142,0.03715,0.13942,0.02316,0.14161,0.00131,0.01836,0.05813,0.1097,0.00131,0.00699,0.07255,0.00918,0.04764,0.0472,0.03934,0.059,0.00044,0.0118,0.28365,0.37806,0.13593
1l5cA00|target|target,1l5cA00,target,0.05,16,16,0.5896,0.3634,1.1834,1.1834,0.2942,0.2771,0.0625,0.25204,0.11413,0.01495,0.02106,0.00408,0.22283,0.00136,0.00679,0.01427,0.03533,0.00476,0.02921,0.07677,0.00611,0.00476,0.05503,0.07337,0.02921,0.00747,0.02649,0.05639,0.36617,0.30435
1l5cA00|target|target,1l5cA00,target,0.1,16,16,0.5921,0.3668,1.1894,1.1894,0.2901,0.2408,0.0,0.27649,0.1019,0.01291,0.01902,0.00476,0.2303,0.00136,0.00543,0.00815,0.03668,0.00136,0.02106,0.08084,0.00611,0.00204,0.05231,0.07609,0.03057,0.00883,0.02378,0.04348,0.38791,0.28125
1l5cA00|target|target,1l5cA00,target,0.2,16,16,0.7548,0.4409,1.2535,1.2535,0.2887,0.3241,0.0625,0.22283,0.11685,0.01427,0.02446,0.00611,0.22418,0.00068,0.00543,0.01427,0.03397,0.00136,0.03261,0.07745,0.00543,0.00883,0.08016,0.07065,0.03465,0.00543,0.02038,0.0625,0.33016,0.32609
1l5cA00|target|target,1l5cA00,target,0.3,16,16,0.9267,0.512,1.3566,1.3566,0.2738,0.3514,0.125,0.20856,0.10734,0.02106,0.02378,0.01155,0.21332,0.00136,0.00611,0.01766,0.03601,0.00272,0.03668,0.06726,0.01155,0.01155,0.08288,0.06726,0.04484,0.00476,0.02378,0.07541,0.33832,0.32948
1nr3A00|target|target,1nr3A00,target,0.05,16,16,0.5759,0.3486,1.5089,1.5089,0.1542,0.8499,1.0,0.0374,0.0041,0.0415,0.26127,0.021,0.03637,0.0,0.01127,0.15164,0.21107,0.0,0.02152,0.04355,0.00051,0.01537,0.02357,0.0123,0.0625,0.01434,0.03074,0.46977,0.38832,0.09273
1nr3A00|target|target,1nr3A00,target,0.1,16,16,0.6933,0.4079,1.5365,1.5365,0.1429,0.8185,1.0,0.04355,0.00205,0.04713,0.24334,0.01844,0.03945,0.00154,0.01178,0.12449,0.21619,0.0,0.01895,0.05174,0.00154,0.02715,0.02869,0.01434,0.06711,0.01588,0.02664,0.44365,0.39959,0.09221
1nr3A00|target|target,1nr3A00,target,0.2,16,16,1.0199,0.5609,1.6329,1.6329,0.1332,0.7429,0.9375,0.07633,0.00922,0.05584,0.17623,0.0251,0.04867,0.00051,0.01793,0.12244,0.19775,0.00051,0.02203,0.0502,0.00768,0.03279,0.03432,0.02715,0.06455,0.0123,0.01844,0.38781,0.41291,0.11885
1nr3A00|target|target,1nr3A00,target,0.3,16,16,1.2345,0.6411,1.7554,1.7554,0.126,0.7605,1.0,0.06199,0.00461,0.05686,0.16086,0.0292,0.04969,0.00307,0.02766,0.12039,0.18596,0.00205,0.03227,0.04098,0.01076,0.03381,0.05943,0.02766,0.06199,0.01281,0.01793,0.375,0.39959,0.15266
1o8rA00|target|target,1o8rA00,target,0.05,16,16,0.6146,0.3661,1.2258,1.2258,0.2979,0.6558,0.9375,0.08444,0.02128,0.05984,0.10505,0.02128,0.11104,0.0,0.03457,0.05319,0.11037,0.00798,0.03856,0.16157,0.00199,0.03657,0.03856,0.01795,0.06915,0.00731,0.01928,0.25465,0.35439,0.13763
1o8rA00|target|target,1o8rA00,target,0.1,16,16,0.636,0.3724,1.2435,1.2435,0.2859,0.6283,0.75,0.09774,0.02128,0.05253,0.1004,0.01928,0.11037,0.0,0.02926,0.03923,0.11968,0.00798,0.03723,0.16888,0.00532,0.0379,0.04521,0.02859,0.05386,0.00399,0.02128,0.23005,0.35306,0.15891
1o8rA00|target|target,1o8rA00,target,0.2,16,16,0.7746,0.438,1.272,1.272,0.2859,0.6286,0.9375,0.09574,0.02128,0.04987,0.09973,0.01662,0.10638,0.0,0.03524,0.0379,0.12434,0.00997,0.03391,0.17021,0.00399,0.05386,0.0379,0.02394,0.0492,0.00731,0.02261,0.24136,0.36104,0.14362
1o8rA00|target|target,1o8rA00,target,0.3,16,16,0.917,0.4904,1.3708,1.3708,0.2786,0.6149,0.875,0.10771,0.02128,0.05319,0.08976,0.02194,0.11104,0.0,0.02859,0.0266,0.09309,0.0113,0.03457,0.16556,0.00864,0.05718,0.04987,0.02394,0.06117,0.01064,0.02394,0.22673,0.35838,0.16223
2wejA00|target|target,2wejA00,target,0.05,16,16,0.3302,0.2084,0.763,0.763,0.5291,0.6505,1.0,0.04344,0.00362,0.05816,0.07167,0.05164,0.0777,0.02486,0.05719,0.07191,0.08736,0.00458,0.04971,0.0888,0.0222,0.01931,0.08156,0.04875,0.06371,0.01544,0.05454,0.2459,0.3779,0.26038
2wejA00|target|target,2wejA00,target,0.1,16,16,0.3709,0.2329,0.771,0.771,0.5257,0.635,1.0,0.04706,0.00362,0.06009,0.06829,0.05116,0.07577,0.02606,0.05912,0.06515,0.08736,0.00579,0.05526,0.08953,0.02365,0.01882,0.07843,0.04875,0.06057,0.01472,0.05695,0.23842,0.38272,0.26665
2wejA00|target|target,2wejA00,target,0.2,16,16,0.435,0.262,0.7891,0.7891,0.5322,0.674,1.0,0.04392,0.00386,0.06057,0.0777,0.0514,0.07601,0.02847,0.05526,0.07119,0.08856,0.00652,0.05212,0.08518,0.02244,0.02244,0.07746,0.04464,0.0584,0.01424,0.05574,0.26038,0.37403,0.25627
2wejA00|target|target,2wejA00,target,0.3,16,16,0.5334,0.3139,0.8299,0.8299,0.5182,0.6694,1.0,0.04006,0.0041,0.05864,0.0777,0.05405,0.07843,0.02413,0.05598,0.06757,0.08591,0.00796,0.05478,0.08687,0.0251,0.02268,0.07577,0.05092,0.06081,0.01472,0.04995,0.25072,0.36945,0.26062
