target,seed,selection,rf_overfit_identity_top5,true_overfit_identity_top5,rf_internal_identity_top5,true_internal_identity_top5,rand_internal_identity_top5,rf_top5_mean_plddt,true_top5_mean_plddt,rand_top5_mean_plddt,rf_overfit_identity_top10,true_overfit_identity_top10,rf_internal_identity_top10,true_internal_identity_top10,rand_internal_identity_top10,rf_top10_mean_plddt,true_top10_mean_plddt,rand_top10_mean_plddt
1b65A00,42,random,0.9289256198347108,0.8743801652892561,0.9280991735537191,0.8421487603305785,0.881267217630854,96.02531680440777,96.1754214876033,96.05593388429753,0.9063360881542701,0.8754820936639118,0.8833180287725741,0.8495867768595041,0.8676461585552494,95.99187327823694,96.15655922865014,96.0386170798898
1b65A00,42,kmeans,0.8754820936639118,0.849586776859504,0.8757575757575757,0.8630853994490357,0.8842975206611572,95.96548209366392,96.18477134986226,96.04062809917357,0.8611570247933884,0.8432506887052341,0.8674012855831037,0.8530762167125804,0.8687480869299051,96.00438016528926,96.1628650137741,96.00538567493113
1b65A00,123,random,0.9085399449035811,0.8721763085399449,0.8892561983471075,0.8446280991735536,0.8606060606060606,96.01423691460056,96.17917355371897,95.96642975206612,0.9052341597796143,0.8790633608815428,0.8801958983777166,0.8514233241505968,0.8589531680440772,96.02809917355376,96.16117355371901,95.99108815426999
1b65A00,123,kmeans,0.868870523415978,0.8462809917355372,0.8702479338842976,0.8575757575757577,0.8347107438016529,96.01000000000003,96.1826721763085,95.99844077134989,0.8526170798898072,0.8457300275482094,0.8639730639730637,0.8588307315580044,0.8563820018365474,96.00775757575761,96.16292286501377,95.9867658402204
1b65A00,7,random,0.8573002754820935,0.849586776859504,0.8429752066115702,0.8630853994490357,0.8958677685950415,95.98128374655653,96.18477134986226,96.04500275482093,0.86831955922865,0.8305785123966942,0.8600550964187328,0.8604836241199877,0.8819100091827365,95.99210468319562,96.15698071625343,96.02847658402204
1b65A00,7,kmeans,0.856749311294766,0.8534435261707989,0.8955922865013776,0.8396694214876034,0.8922865013774105,96.03041873278242,96.180391184573,96.04846831955923,0.846831955922865,0.8388429752066117,0.8849709213345577,0.8536883991429445,0.8526476890113254,96.0061487603306,96.15549862258953,96.00639944903584
1b65A00,2024,random,0.856749311294766,0.840771349862259,0.8988980716253444,0.8548209366391184,0.8451790633608816,96.0263636363637,96.17831955922865,96.01171900826448,0.8559228650137742,0.8347107438016529,0.8612182430364249,0.8495255586164677,0.8508111417202326,96.03512947658406,96.15032231404959,96.01707162534436
1b65A00,2024,kmeans,0.9090909090909092,0.8710743801652893,0.8856749311294767,0.8421487603305785,0.8404958677685951,96.07424793388428,96.17408815426995,95.98840220385677,0.913223140495868,0.8707988980716254,0.9027854300581573,0.8449954086317724,0.8647076828895012,96.01222314049588,96.15600550964186,96.0115482093664
1b65A00,31337,random,0.8997245179063361,0.8561983471074379,0.8966942148760332,0.8426997245179063,0.853168044077135,95.96061707988981,96.17749311294764,95.98479338842978,0.884297520661157,0.8702479338842976,0.8891337618610345,0.8476277930823385,0.8779308233853688,95.95313498622589,96.15703305785124,95.97954545454544
1b65A00,31337,kmeans,0.8997245179063361,0.8710743801652893,0.859504132231405,0.8421487603305785,0.8482093663911845,96.08825344352618,96.17408815426995,96.02370247933884,0.8859504132231406,0.8713498622589532,0.8532598714416895,0.8449954086317722,0.8626262626262624,96.04369972451792,96.15414876033057,96.0325564738292
1e1hB02,42,random,0.851063829787234,0.8374468085106382,0.857872340425532,0.7995744680851063,0.8357446808510638,87.37539574468082,89.88051063829786,85.53019574468082,0.8506382978723405,0.8323404255319149,0.855697399527187,0.817210401891253,0.8225059101654844,87.31522978723402,89.11394468085106,85.3400510638298
1e1hB02,42,kmeans,0.8382978723404255,0.836595744680851,0.8617021276595744,0.863404255319149,0.7923404255319149,88.62266382978721,89.8400085106383,87.57685957446812,0.8382978723404255,0.8280851063829788,0.8407565011820333,0.824018912529551,0.8016075650118201,87.31726808510638,89.1283489361702,84.88068510638298
1e1hB02,123,random,0.8391489361702128,0.8204255319148936,0.861276595744681,0.808936170212766,0.8097872340425532,87.71531063829788,89.66661276595745,85.68337872340426,0.8323404255319149,0.8229787234042554,0.8423640661938535,0.813806146572104,0.7974468085106382,86.52485531914894,88.88210212765958,85.72313617021278
1e1hB02,123,kmeans,0.8468085106382979,0.851063829787234,0.8425531914893616,0.836595744680851,0.8140425531914893,86.33631489361703,89.49713191489361,85.17950638297876,0.8429787234042554,0.8493617021276597,0.8405673758865249,0.8346099290780143,0.7875177304964539,86.59647659574469,88.73533617021276,85.51906382978726
1e1hB02,7,random,0.8493617021276595,0.8170212765957446,0.8651063829787233,0.8038297872340425,0.8106382978723404,88.0222723404255,89.68308936170214,84.57701276595745,0.8387234042553192,0.8280851063829786,0.8366903073286052,0.8195744680851064,0.8431205673758863,87.71665957446808,88.96238297872341,85.95290638297874
1e1hB02,7,kmeans,0.8348936170212766,0.8595744680851064,0.816595744680851,0.8519148936170213,0.8187234042553191,85.73883404255318,89.81213617021277,85.97531063829786,0.8438297872340424,0.8323404255319151,0.8326241134751775,0.8191962174940899,0.8081323877068557,87.45586808510637,89.1156255319149,86.59457446808511
1e1hB02,2024,random,0.8553191489361701,0.8612765957446807,0.8544680851063828,0.851063829787234,0.8131914893617023,86.08394042553195,89.90630638297873,85.69514042553195,0.8617021276595744,0.8323404255319147,0.8574940898345152,0.8176832151300235,0.7989598108747046,85.91141702127662,89.21556170212766,85.9166085106383
1e1hB02,2024,kmeans,0.8136170212765957,0.8595744680851064,0.8348936170212765,0.8519148936170213,0.833191489361702,86.44308085106384,89.81213617021277,85.22320851063832,0.8353191489361702,0.8378723404255319,0.822127659574468,0.8261938534278961,0.8336643026004728,86.27379574468084,89.0728,85.39118723404255
1e1hB02,31337,random,0.8408510638297871,0.8570212765957447,0.8285106382978723,0.8540425531914895,0.8051063829787234,87.3451744680851,90.03742978723403,85.03240000000001,0.8323404255319147,0.8310638297872341,0.8258156028368793,0.8161702127659575,0.8403782505910162,86.40097872340426,89.27579999999999,85.22286808510638
1e1hB02,31337,kmeans,0.857872340425532,0.8263829787234043,0.8476595744680852,0.7991489361702128,0.7995744680851062,86.98964255319147,89.65521702127661,84.77368510638297,0.8442553191489361,0.8344680851063832,0.8251536643026006,0.8226950354609929,0.8159810874704492,87.09190212765957,88.95799574468084,85.86918723404256
1efnD00,42,random,0.9614035087719298,0.9087719298245613,0.956140350877193,0.8859649122807017,0.8350877192982455,97.00726315789476,97.11049122807017,96.7701403508772,0.9491228070175438,0.9017543859649123,0.9536062378167638,0.8787524366471737,0.819103313840156,97.01328070175438,97.08619298245614,96.71773684210527
1efnD00,42,kmeans,0.9228070175438597,0.9122807017543859,0.894736842105263,0.8842105263157893,0.8105263157894737,97.0318947368421,97.10936842105264,96.7501052631579,0.9385964912280702,0.9140350877192983,0.920857699805068,0.880701754385965,0.7844054580896688,97.03335087719299,97.08333333333333,96.66171929824561
1efnD00,123,random,0.8842105263157893,0.8771929824561402,0.9228070175438596,0.8842105263157893,0.7964912280701755,96.93757894736842,97.1020701754386,96.75305263157895,0.8771929824561404,0.8719298245614034,0.9306042884990251,0.8799220272904484,0.8015594541910331,96.99368421052633,97.07921052631578,96.53489473684212
1efnD00,123,kmeans,0.8350877192982455,0.8596491228070174,0.9649122807017543,0.905263157894737,0.8,96.95375438596491,97.11122807017543,96.46522807017544,0.8614035087719298,0.8631578947368419,0.9224171539961016,0.8814814814814818,0.782066276803119,97.00785964912282,97.08687719298246,96.69215789473685
1efnD00,7,random,0.9228070175438596,0.8947368421052632,0.9578947368421054,0.8771929824561402,0.7824561403508772,96.96764912280703,97.10129824561405,96.60933333333332,0.9140350877192983,0.8947368421052632,0.9251461988304093,0.8799220272904482,0.8023391812865498,96.98550877192983,97.07885964912282,96.75789473684209
1efnD00,7,kmeans,0.9508771929824562,0.9368421052631579,0.9175438596491228,0.905263157894737,0.7789473684210526,97.0341403508772,97.11122807017543,96.6205964912281,0.9508771929824562,0.9052631578947368,0.9235867446393761,0.8768031189083823,0.8389863547758285,97.02728070175439,97.08942105263156,96.84377192982457
1efnD00,2024,random,0.8807017543859649,0.8736842105263157,0.9649122807017545,0.887719298245614,0.7894736842105262,97.01687719298248,97.10319298245615,96.39045614035085,0.8789473684210526,0.8754385964912281,0.961793372319688,0.8799220272904482,0.8074074074074074,97.00894736842108,97.07828070175438,96.71454385964913
1efnD00,2024,kmeans,0.9263157894736842,0.9192982456140351,0.9263157894736842,0.905263157894737,0.8456140350877194,97.01252631578947,97.11122807017543,96.82915789473687,0.9122807017543859,0.9035087719298247,0.912280701754386,0.8861598440545811,0.7847953216374269,97.01028070175441,97.0907894736842,96.58484210526316
1efnD00,31337,random,0.8736842105263157,0.8736842105263157,0.9614035087719298,0.887719298245614,0.8,97.02301754385965,97.10319298245615,96.34217543859648,0.8859649122807018,0.8701754385964913,0.9407407407407407,0.8807017543859649,0.8358674463937622,97.00271929824564,97.08024561403508,96.81331578947372
1efnD00,31337,kmeans,0.8526315789473685,0.8701754385964913,0.9578947368421054,0.905263157894737,0.8,96.97736842105265,97.11122807017543,96.53989473684209,0.8736842105263157,0.8736842105263157,0.9185185185185183,0.8896686159844055,0.8358674463937622,97.00424561403511,97.08671929824561,96.81308771929824
1f4hB01,42,random,0.8015670910871695,0.8176297747306561,0.9298726738491675,0.8832517140058765,0.8065621939275219,95.99452889324198,96.06488148873653,95.984291870715,0.8018609206660138,0.8229187071498532,0.9286102949178366,0.8679290455979974,0.8087713570573513,96.01203330068563,96.05292164544564,95.96527032321254
1f4hB01,42,kmeans,0.8993143976493634,0.9051909892262489,0.8740450538687561,0.8832517140058765,0.877179236043095,95.98392164544563,96.06488148873653,96.02533594515184,0.9109696376101862,0.8896180215475024,0.8999020568070517,0.8675372728262054,0.7914680596365219,96.01111165523994,96.05376689520077,95.90947306562197
1f4hB01,123,random,0.9208619000979432,0.9044074436826641,0.9264446620959843,0.8832517140058765,0.8076395690499509,96.03038981390796,96.06488148873653,95.97598432908909,0.8995102840352596,0.8790401567091088,0.8826422896941997,0.8575253019915116,0.7932092719555991,96.00688442703236,96.05087855044073,95.91915866797258
1f4hB01,123,kmeans,0.9032321253672869,0.9051909892262489,0.8767874632713027,0.8832517140058765,0.778256611165524,96.0060528893242,96.06488148873653,95.9312066601371,0.9021547502448579,0.8896180215475024,0.879986940907607,0.8675372728262054,0.7800631189465665,96.01506856023508,96.05376689520077,95.90695886385899
1f4hB01,7,random,0.8176297747306563,0.8176297747306561,0.8829578844270323,0.8832517140058765,0.8001958863858961,96.03568658178254,96.06488148873653,95.96362977473062,0.822820763956905,0.815181194906954,0.8662313635868973,0.8869517901839156,0.8210033735988682,96.01319000979429,96.05191870714987,95.99177375122429
1f4hB01,7,kmeans,0.924975514201763,0.9038197845249755,0.9298726738491675,0.8835455435847208,0.7993143976493633,96.03121645445643,96.06312634671887,95.99025269343778,0.9257590597453478,0.8892262487757099,0.9276308629883557,0.867624333442159,0.7851343998258787,96.02684818805093,96.0519343780607,95.9466767874633
1f4hB01,2024,random,0.9030362389813907,0.9071498530852106,0.8780607247796277,0.8781586679725759,0.813026444662096,96.02389422135165,96.06199608227227,95.97181586679726,0.9051909892262489,0.9059745347698334,0.8824028730003264,0.8802263576014798,0.782239634345413,96.02391087169443,96.04930362389813,95.90105582761996
1f4hB01,2024,kmeans,0.8342801175318314,0.8101860920666015,0.8456415279138099,0.9303623898139077,0.7878550440744367,95.99890107737505,96.06480705190992,95.91935749265427,0.8286973555337903,0.8240940254652303,0.8647948634236587,0.8819458047665685,0.7961475677440417,96.02174436826638,96.05156513222332,95.95027032321255
1f4hB01,31337,random,0.929480901077375,0.9093046033300686,0.9265426052889325,0.8808031341821744,0.7859941234084231,96.0412654260529,96.05798824681685,95.94694809010772,0.9291870714985307,0.881488736532811,0.9271737947545978,0.8549134835128956,0.8248775710088149,96.02451224289914,96.04930460333006,95.99978746327125
1f4hB01,31337,kmeans,0.8368266405484818,0.8211557296767875,0.8502448579823703,0.8832517140058765,0.7838393731635651,96.00047992164545,96.06488148873653,95.90700489715965,0.8282076395690499,0.819686581782566,0.8690825987593862,0.8830775927739688,0.8290564805746001,96.0061361410382,96.05359549461312,95.98674534769835
1h41B03,42,random,0.8116975748930099,0.8365192582025678,0.9029957203994293,0.8482168330955778,0.8754636233951498,95.39055064194012,95.58091012838801,95.45490727532102,0.8118402282453637,0.8178316690442224,0.9093358693929307,0.8725313044856555,0.8611824377872881,95.4295007132668,95.56173751783169,95.33848502139799
1h41B03,42,kmeans,0.8750356633380886,0.8550641940085593,0.9352353780313838,0.8439372325249643,0.8998573466476463,95.39667047075613,95.60039657631955,95.40940941512127,0.8911554921540656,0.8644793152639088,0.9128229513393563,0.862165160881281,0.8612458392772229,95.40371041369477,95.57430527817404,95.39435235378035
1h41B03,123,random,0.8231098430813123,0.8336661911554921,0.9266761768901569,0.8477888730385164,0.8432239657631954,95.36758915834528,95.57245934379453,95.32971469329527,0.8281027104136948,0.8129814550641941,0.908036138849263,0.8714851799017277,0.8522111269614835,95.40838088445085,95.55328245363769,95.3303580599144
1h41B03,123,kmeans,0.7865905848787447,0.8231098430813123,0.9165477888730384,0.8718972895863052,0.8763195435092724,95.42878174037091,95.57114693295291,95.43426533523544,0.8004279600570614,0.8184022824536378,0.9021715010302741,0.8739578380091932,0.87005864637819,95.40966191155493,95.5483937232525,95.37919400855921
1h41B03,7,random,0.9132667617689016,0.8841654778887303,0.8952924393723253,0.8439372325249643,0.8489300998573468,95.39964051355207,95.60039657631955,95.34436804564913,0.9115549215406562,0.8873038516405135,0.9031542241242669,0.8559518148676495,0.8506577904580758,95.41321398002857,95.57381312410841,95.38949215406561
1h41B03,7,kmeans,0.78830242510699,0.8242510699001426,0.9052781740370899,0.8703281027104136,0.8338088445078459,95.35931526390873,95.58236519258203,95.38766619115547,0.7922967189728959,0.8228245363766048,0.9086384530036458,0.8773815184656838,0.8561103185924869,95.3916961483595,95.56340085592012,95.35374750356632
1h41B03,2024,random,0.91811697574893,0.8776034236804564,0.9028530670470755,0.84151212553495,0.8540656205420827,95.44283880171187,95.58950927246786,95.31042225392298,0.9179743223965764,0.8861626248216833,0.9080995403391979,0.8600412109684575,0.8626089713108259,95.43515691868762,95.55972039942938,95.39021825962912
1h41B03,2024,kmeans,0.8085592011412268,0.825962910128388,0.9042796005706133,0.8730385164051355,0.8676176890156919,95.44667047075609,95.57959771754638,95.41149500713266,0.813694721825963,0.8115549215406561,0.915042003487082,0.8862260263116184,0.8530353463306388,95.45655492154069,95.5591483594865,95.40813409415125
1h41B03,31337,random,0.8964336661911554,0.8750356633380884,0.872039942938659,0.8439372325249643,0.8699001426533524,95.29829957204,95.60039657631955,95.46967189728969,0.8972895863052782,0.8870185449358059,0.883880171184023,0.863242986210176,0.8834680614994452,95.34086447931529,95.57429101283881,95.43693009985739
1h41B03,31337,kmeans,0.8370898716119829,0.8450784593437944,0.931098430813124,0.8439372325249643,0.8723252496433667,95.43785164051357,95.60039657631955,95.4001654778888,0.8330955777460771,0.8320970042796005,0.9163734347757172,0.8668251703915044,0.8842605801236328,95.4366604850214,95.57122396576321,95.40792011412273
1jmoL00,42,random,0.8127659574468085,0.8297872340425533,0.7957446808510639,0.8425531914893616,0.7638297872340426,70.63221276595746,72.23451063829788,65.32570212765958,0.8148936170212766,0.8127659574468085,0.7957446808510639,0.8278959810874706,0.7664302600472814,70.26740425531915,71.53302127659575,67.44770212765957
1jmoL00,42,kmeans,0.8382978723404255,0.851063829787234,0.8106382978723404,0.8212765957446809,0.7872340425531916,71.16787234042553,72.30753191489362,68.39029787234043,0.827659574468085,0.8404255319148936,0.8023640661938536,0.7905437352245861,0.7825059101654848,70.65693617021277,71.34982978723403,65.48131914893617
1jmoL00,123,random,0.8553191489361701,0.8553191489361701,0.8106382978723404,0.8446808510638297,0.7595744680851065,70.90719148936171,72.34846808510639,68.02153191489361,0.8297872340425533,0.8425531914893616,0.8047281323877069,0.7952718676122931,0.7659574468085105,70.4572340425532,71.34717021276595,67.81334042553193
1jmoL00,123,kmeans,0.8382978723404255,0.8638297872340426,0.825531914893617,0.8446808510638298,0.7468085106382978,71.30331914893618,71.76736170212766,67.77093617021276,0.8127659574468085,0.8170212765957446,0.8151300236406622,0.8122931442080381,0.762174940898345,70.37391489361701,71.06991489361704,65.81489361702127
1jmoL00,7,random,0.8468085106382979,0.8297872340425533,0.8127659574468085,0.8574468085106381,0.7489361702127659,70.59268085106383,72.21812765957448,65.70914893617022,0.8191489361702129,0.8106382978723404,0.8104018912529553,0.8226950354609932,0.7470449172576831,70.67014893617021,71.59825531914893,68.17865957446807
1jmoL00,7,kmeans,0.8382978723404255,0.8638297872340426,0.8191489361702127,0.8446808510638298,0.7446808510638298,71.50731914893616,71.76736170212766,67.45902127659575,0.8063829787234044,0.8191489361702129,0.8156028368794329,0.7971631205673758,0.8340425531914895,70.09372340425531,70.97402127659575,65.61527659574469
1jmoL00,2024,random,0.8042553191489361,0.8553191489361701,0.7659574468085106,0.8340425531914895,0.7297872340425531,70.12914893617021,72.2876595744681,67.68493617021275,0.8127659574468085,0.8468085106382978,0.7881796690307332,0.8137115839243502,0.7810874704491728,70.43487234042553,71.53470212765959,66.4367659574468
1jmoL00,2024,kmeans,0.8085106382978724,0.825531914893617,0.7744680851063831,0.8468085106382978,0.7489361702127659,70.69676595744681,72.19548936170213,67.36723404255319,0.7914893617021277,0.8148936170212766,0.7612293144208037,0.802836879432624,0.7621749408983453,70.23459574468086,71.16140425531917,65.85746808510639
1jmoL00,31337,random,0.7999999999999998,0.8553191489361703,0.8085106382978724,0.8297872340425532,0.7680851063829788,69.5219574468085,72.1248510638298,65.76838297872341,0.8063829787234044,0.825531914893617,0.7900709219858159,0.8141843971631206,0.8127659574468087,70.20117021276596,71.46461702127661,65.93651063829788
1jmoL00,31337,kmeans,0.8340425531914895,0.8297872340425533,0.8042553191489363,0.8574468085106381,0.7574468085106384,71.29519148936171,72.21812765957448,68.19770212765958,0.8148936170212766,0.8191489361702129,0.7862884160756501,0.8070921985815603,0.7791962174940898,70.14674468085107,71.37482978723406,66.81506382978723
1jmzG00,42,random,0.8117647058823529,0.8470588235294118,0.770182555780933,0.8328600405679513,0.8024340770791076,96.16879513184585,96.30959432048681,96.20339148073026,0.8083164300202841,0.8525354969574035,0.7794455713319811,0.8369168356997971,0.7943655623168808,96.14389249492903,96.27421906693709,96.16803853955378
1jmzG00,42,kmeans,0.7602434077079108,0.7529411764705882,0.8361054766734279,0.8348884381338741,0.796551724137931,96.19761054766737,96.33405679513184,96.21197565922924,0.7584178498985801,0.7553752535496957,0.8434978589136806,0.8420554428668019,0.8178498985801217,96.17877687626779,96.29282555780934,96.16686815415821
1jmzG00,123,random,0.7675456389452332,0.7529411764705882,0.8381338742393508,0.8348884381338741,0.7697768762677485,96.16687221095336,96.33405679513184,96.18336713995943,0.767342799188641,0.7545638945233265,0.8458417849898582,0.8401622718052738,0.7796258733378408,96.18027586206898,96.29020892494928,96.15082150101418
1jmzG00,123,kmeans,0.8693711967545639,0.8109533468559837,0.8482758620689654,0.8058823529411765,0.7598377281947261,96.19511967545641,96.33476267748478,96.14578904665314,0.8730223123732251,0.8312373225152129,0.8563443768311922,0.8274509803921567,0.8074825332431824,96.17186612576066,96.29491075050709,96.19675862068965
1jmzG00,7,random,0.8722109533468559,0.8210953346855984,0.8687626774847871,0.8008113590263692,0.7691683569979716,96.21995943204867,96.31793103448277,96.15432048681542,0.8730223123732251,0.8318458417849899,0.8665314401622717,0.8273157538877618,0.7777327022763126,96.16557809330627,96.28649492900607,96.15566125760655
1jmzG00,7,kmeans,0.8141987829614605,0.8296146044624747,0.8776876267748479,0.8034482758620689,0.783367139959432,96.19987829614607,96.3393387423935,96.1578052738337,0.8233265720081135,0.8391480730223122,0.8634663060626551,0.8256930358350236,0.789046653144016,96.15833265720083,96.30055578093307,96.1568985801217
1jmzG00,2024,random,0.8324543610547668,0.8210953346855984,0.8434077079107507,0.8008113590263692,0.7645030425963488,96.15535902636918,96.31793103448277,96.16214198782966,0.8170385395537524,0.8381338742393509,0.8828036961911201,0.8265043948613928,0.7947261663286003,96.15718255578096,96.28538742393508,96.16499797160246
1jmzG00,2024,kmeans,0.8722109533468559,0.8263691683569979,0.8693711967545639,0.7981744421906694,0.8476673427991885,96.19037728194724,96.31691277890465,96.18431643002025,0.848478701825558,0.8395537525354969,0.8485012395762903,0.8256028848320937,0.7684020734730674,96.17478296146041,96.28598580121704,96.13093103448281
1jmzG00,31337,random,0.8823529411764707,0.8328600405679513,0.8509127789046653,0.8034482758620689,0.793711967545639,96.19587018255584,96.3393387423935,96.19824746450303,0.8949290060851925,0.8286004056795131,0.8750056344376833,0.825467658327699,0.8210953346855985,96.19341784989862,96.29944827586206,96.1411866125761
1jmzG00,31337,kmeans,0.8722109533468559,0.8288032454361055,0.8616632860040567,0.8034482758620689,0.8367139959432048,96.19389858012173,96.3393387423935,96.23688438133873,0.8738336713995943,0.8427991886409737,0.8654947036285779,0.8248816768086542,0.8275862068965515,96.18519472616634,96.29793914807303,96.19186004056795
1kvdD00,42,random,0.8666666666666666,0.9428571428571428,0.9428571428571428,0.9507936507936507,0.8873015873015874,62.748984126984126,66.78692063492062,59.732984126984114,0.8746031746031747,0.946031746031746,0.9164021164021163,0.9329805996472659,0.8966490299823632,63.57133333333333,65.83053968253967,58.76168253968255
1kvdD00,42,kmeans,0.9174603174603174,0.9206349206349206,0.9476190476190476,0.9603174603174602,0.9619047619047618,64.95396825396824,66.47199999999997,61.1432380952381,0.9031746031746032,0.9206349206349207,0.9121693121693121,0.9329805996472662,0.9089947089947088,63.78626984126983,65.14519047619046,60.57285714285714
1kvdD00,123,random,0.9079365079365079,0.9269841269841269,0.9428571428571428,0.9587301587301587,0.86984126984127,65.73930158730158,66.67755555555553,60.085396825396835,0.8571428571428571,0.9222222222222222,0.8843033509700178,0.9400352733686065,0.8811287477954143,64.37736507936508,65.68444444444444,59.46749206349206
1kvdD00,123,kmeans,0.9079365079365079,0.9523809523809523,0.8873015873015874,0.9523809523809523,0.888888888888889,64.48822222222222,66.77631746031743,61.54025396825396,0.8952380952380953,0.9365079365079365,0.8786596119929452,0.928042328042328,0.8899470899470898,63.893603174603165,65.52761904761903,62.47095238095237
1kvdD00,7,random,0.9428571428571428,0.9396825396825397,0.9444444444444444,0.9365079365079365,0.880952380952381,65.14885714285712,65.89225396825397,60.56653968253969,0.9412698412698413,0.9301587301587302,0.9432098765432096,0.9347442680776011,0.875132275132275,63.939650793650785,64.93431746031746,61.20455555555556
1kvdD00,7,kmeans,0.9714285714285713,0.9587301587301587,0.9492063492063492,0.9365079365079365,0.884126984126984,64.93933333333332,66.30777777777776,58.69126984126986,0.9555555555555555,0.9365079365079365,0.9368606701940032,0.9061728395061727,0.8927689594356261,63.92899999999999,65.04403174603173,59.96861904761905
1kvdD00,2024,random,0.9523809523809523,0.9333333333333332,0.9619047619047618,0.9238095238095237,0.8777777777777779,64.46479365079364,65.89568253968254,60.56990476190475,0.9317460317460318,0.9222222222222222,0.9192239858906522,0.9287477954144618,0.8881834215167547,64.42653968253967,65.0388253968254,60.47668253968254
1kvdD00,2024,kmeans,0.946031746031746,0.9333333333333332,0.9555555555555555,0.9492063492063492,0.9047619047619048,65.12819047619045,65.90177777777777,59.9131746031746,0.888888888888889,0.9238095238095239,0.8895943562610229,0.9333333333333331,0.9209876543209875,64.22663492063491,64.91149206349206,62.20458730158729
1kvdD00,31337,random,0.965079365079365,0.9555555555555555,0.9492063492063492,0.9206349206349207,0.9111111111111111,63.78279365079366,66.61209523809522,59.38311111111111,0.9587301587301587,0.9492063492063492,0.9386243386243384,0.9259259259259257,0.9248677248677246,64.45298412698412,65.39703174603174,59.648333333333326
1kvdD00,31337,kmeans,0.9714285714285713,0.9682539682539681,0.9492063492063492,0.9492063492063492,0.9444444444444444,64.93933333333332,66.1107619047619,59.026920634920636,0.9587301587301587,0.9365079365079365,0.9361552028218694,0.9065255731922398,0.9012345679012345,64.04999999999998,64.81715873015872,59.620285714285714
1ltsA00,42,random,0.9145631067961165,0.8893203883495147,0.9514563106796118,0.8815533980582524,0.8466019417475728,87.1882912621359,88.76869902912622,86.24487378640777,0.9106796116504853,0.879611650485437,0.941747572815534,0.8802588996763752,0.8414239482200647,86.83985436893202,88.37765048543689,86.73804854368932
1ltsA00,42,kmeans,0.9495145631067962,0.9087378640776699,0.9310679611650488,0.883495145631068,0.8611650485436894,86.30850485436892,89.17293203883494,86.35225242718447,0.9495145631067959,0.9184466019417474,0.9337648327939592,0.8923408845738939,0.8496224379719525,86.46668932038834,88.6202427184466,86.54183495145631
1ltsA00,123,random,0.8932038834951456,0.9281553398058253,0.8796116504854368,0.8941747572815533,0.8087378640776699,87.3343495145631,89.41726213592231,86.03559223300968,0.9106796116504853,0.9155339805825244,0.8912621359223303,0.8856526429341964,0.8407766990291263,87.10233009708737,88.79148543689321,86.0871359223301
1ltsA00,123,kmeans,0.9242718446601941,0.9106796116504855,0.9495145631067962,0.9029126213592231,0.8766990291262136,87.70217475728155,89.38681553398057,85.82710679611651,0.9233009708737864,0.8990291262135923,0.9413160733549085,0.8906148867313913,0.8394822006472495,87.32073786407767,88.72749514563107,85.99604854368933
1ltsA00,7,random,0.8524271844660195,0.8757281553398059,0.9398058252427184,0.8941747572815533,0.8378640776699029,87.4474368932039,89.41726213592231,86.66013592233007,0.8553398058252426,0.8805825242718447,0.9387270765911543,0.9048543689320387,0.818554476806904,87.5528349514563,88.75402912621358,86.50224271844658
1ltsA00,7,kmeans,0.9533980582524272,0.904854368932039,0.9271844660194175,0.8941747572815533,0.8339805825242717,86.66295145631065,89.41726213592231,86.96007766990292,0.9504854368932039,0.9145631067961165,0.9341963322545846,0.9052858683926647,0.8358144552319311,87.04532038834952,88.80654368932039,86.58671844660196
1ltsA00,2024,random,0.8757281553398059,0.8757281553398059,0.9077669902912622,0.8941747572815533,0.8388349514563107,87.8786796116505,89.41726213592231,85.8179223300971,0.8893203883495147,0.8708737864077669,0.8755124056094932,0.8951456310679611,0.8340884573894283,88.03125242718447,88.76707766990292,86.46443689320385
1ltsA00,2024,kmeans,0.8504854368932039,0.8757281553398059,0.9398058252427184,0.8941747572815533,0.8815533980582524,87.4081941747573,89.41726213592231,86.4223495145631,0.8514563106796116,0.8718446601941746,0.9130528586839266,0.8983818770226536,0.8289104638619202,87.2935922330097,88.77492233009708,86.76188349514563
1ltsA00,31337,random,0.9087378640776699,0.9106796116504855,0.9194174757281554,0.8912621359223302,0.8300970873786406,88.66968932038836,89.35584466019417,86.60809708737862,0.904854368932039,0.9,0.9046386192017258,0.8910463861920171,0.8360302049622438,87.94484466019418,88.69498058252427,87.07205825242717
1ltsA00,31337,kmeans,0.8563106796116504,0.8757281553398059,0.9495145631067962,0.8941747572815533,0.8349514563106796,87.70217475728155,89.41726213592231,86.692213592233,0.8660194174757281,0.8718446601941746,0.8925566343042072,0.8983818770226536,0.8466019417475731,87.43805825242718,88.77492233009708,86.44115533980583
1m3iC02,42,random,0.830967741935484,0.8004301075268817,0.8361290322580646,0.8507526881720431,0.7694623655913977,95.31537634408599,95.60143655913978,95.22293763440864,0.8159139784946235,0.7720430107526882,0.8383751493428913,0.8000477897252088,0.7706571087216249,95.31945161290321,95.55682795698922,95.28452688172042
1m3iC02,42,kmeans,0.8,0.8395698924731183,0.7503225806451614,0.8311827956989246,0.7210752688172043,95.35949247311824,95.61700645161291,95.32273978494621,0.8135483870967741,0.8208602150537635,0.775483870967742,0.7839426523297491,0.7823178016726403,95.35565161290322,95.57098494623652,95.38609462365591
1m3iC02,123,random,0.7251612903225807,0.7058064516129032,0.7249462365591398,0.8311827956989246,0.7296774193548388,95.31335053763436,95.61700645161291,95.23363440860213,0.7258064516129032,0.7191397849462365,0.7590442054958185,0.8109438470728794,0.7525925925925926,95.31853978494624,95.57720215053762,95.34455483870968
1m3iC02,123,kmeans,0.8658064516129033,0.8395698924731183,0.8619354838709677,0.8311827956989246,0.7612903225806452,95.48316129032257,95.61700645161291,95.2160258064516,0.8483870967741935,0.8208602150537635,0.8369892473118278,0.7839426523297491,0.7295579450418159,95.36073333333333,95.57098494623652,95.27250752688172
1m3iC02,7,random,0.8679569892473118,0.8460215053763441,0.8600000000000001,0.8279569892473118,0.7501075268817204,95.42283870967736,95.60879139784949,95.40691182795695,0.8451612903225806,0.8051612903225808,0.8367980884109918,0.7668339307048985,0.7398327359617681,95.34511612903225,95.56058064516125,95.33671397849464
1m3iC02,7,kmeans,0.8490322580645161,0.8356989247311828,0.8612903225806452,0.833763440860215,0.7202150537634409,95.33761720430104,95.60696344086018,95.17271827956988,0.8296774193548387,0.8103225806451612,0.8147192353643965,0.7862843488649942,0.8343130227001194,95.36290967741937,95.5659268817204,95.2869182795699
1m3iC02,2024,random,0.8210752688172043,0.8468817204301076,0.7716129032258063,0.8281720430107526,0.7331182795698925,95.38490322580645,95.60886451612903,95.2130193548387,0.8346236559139785,0.8068817204301075,0.8049701314217443,0.7654958183990441,0.7608124253285543,95.3911956989247,95.56103010752686,95.33419784946238
1m3iC02,2024,kmeans,0.8124731182795699,0.8356989247311828,0.8025806451612902,0.833763440860215,0.7681720430107527,95.42952258064516,95.60696344086018,95.41572043010748,0.7806451612903226,0.8146236559139783,0.7608602150537636,0.7897252090800475,0.7618637992831541,95.29955483870968,95.56588387096771,95.31172903225806
1m3iC02,31337,random,0.8464516129032258,0.7995698924731183,0.7812903225806451,0.8483870967741934,0.76752688172043,95.27584946236557,95.59329462365591,95.29416344086022,0.8612903225806452,0.7552688172043011,0.8157228195937875,0.7795459976105136,0.801194743130227,95.2990709677419,95.55055913978492,95.34732903225813
1m3iC02,31337,kmeans,0.8498924731182795,0.8378494623655914,0.8477419354838711,0.8292473118279571,0.7296774193548388,95.3632172043011,95.59874838709676,95.33040430107529,0.839784946236559,0.7984946236559141,0.8398088410991636,0.7676463560334529,0.8004778972520907,95.34765161290323,95.55555913978492,95.30603440860216
1no3A05,42,random,0.925969447708578,0.7113983548766157,0.9264394829612221,0.773090481786134,0.7708578143360751,92.00520564042299,92.45574853113985,91.53864864864865,0.9247943595769682,0.754641598119859,0.9224441833137486,0.758271314793054,0.7990077033555295,92.07801057579313,92.37997179788485,91.92284841363099
1no3A05,42,kmeans,0.6667450058754406,0.7699177438307874,0.919153936545241,0.7434782608695653,0.7761457109283195,91.90726439482958,92.48907403055227,91.61043478260865,0.6742655699177439,0.7264394829612221,0.8940853897375638,0.7775166470818645,0.7727901814858336,92.06410458284367,92.39263102232664,92.02454994124557
1no3A05,123,random,0.9318448883666275,0.7457109283196239,0.9225616921269093,0.74524089306698,0.7847238542890717,92.0338519388954,92.53644888366628,91.8710035252644,0.927262044653349,0.7555816686251469,0.9193367280323801,0.7575662619140877,0.7608565086825954,92.08561574618093,92.43767567567568,91.99043595769682
1no3A05,123,kmeans,0.7595769682726206,0.7515863689776733,0.736545240893067,0.754524089306698,0.7757931844888366,91.90438072855461,92.44083431257343,91.66673090481785,0.7264394829612221,0.7189189189189189,0.7710928319623971,0.7909126517822171,0.7523175349262308,91.72546298472386,92.36548648648645,91.75087544065806
1no3A05,7,random,0.9250293772032903,0.7113983548766157,0.9211515863689776,0.773090481786134,0.7685076380728555,92.14724089306694,92.45574853113985,92.05561927144538,0.9235017626321973,0.7793184488836663,0.9199634417025722,0.7590024807416111,0.7848283065674371,92.0205029377203,92.3807473560517,92.08322444183311
1no3A05,7,kmeans,0.74641598119859,0.7591069330199766,0.7399529964747356,0.74524089306698,0.7504112808460635,91.72831022326673,92.53644888366628,91.75014101057582,0.7339600470035252,0.7405405405405405,0.7601514558036295,0.7617443530487007,0.7561300430865647,91.95827497062277,92.43332432432432,91.95729259694475
1no3A05,2024,random,0.6683901292596944,0.7616921269095183,0.9210340775558166,0.7514688601645123,0.8158636897767332,91.97303172737948,92.50019506462985,92.20425616921264,0.681081081081081,0.7581668625146887,0.871810941376159,0.7670975323149237,0.7707272489881186,92.01646180963567,92.39989659224443,91.79390129259693
1no3A05,2024,kmeans,0.8021151586368978,0.7675675675675675,0.7826086956521738,0.7419506462984724,0.7808460634547592,91.83589659224438,92.48743360752056,91.55372502937722,0.7564042303172738,0.7258519388954172,0.7476171823997911,0.7781955868912391,0.7840710275492885,91.91449471210339,92.38655581668623,91.9873654524089
1no3A05,31337,random,0.9240893066980023,0.7121034077555817,0.9191539365452408,0.7762632197414805,0.7875440658049353,91.87756991774381,92.49502702702702,92.1749400705053,0.9227967097532315,0.7674500587544065,0.92051181616399,0.7511424467946207,0.7764721242982111,91.97717038777907,92.40361927144536,91.95856756756756
1no3A05,31337,kmeans,0.7957696827262045,0.7537015276145711,0.8660399529964747,0.7515863689776734,0.7810810810810811,91.91350646298469,92.53178378378377,91.98644418331376,0.8070505287896592,0.7863689776733255,0.851207729468599,0.7618749183966576,0.7734168951560256,91.88833725029373,92.41539365452408,91.85044770857814
1nqlA03,42,random,0.7088235294117647,0.7911764705882354,0.9410130718954248,0.8127450980392157,0.8183006535947712,95.32105555555557,95.48042156862742,95.16770588235295,0.7156862745098039,0.7728758169934641,0.9173202614379087,0.8363834422657953,0.8244734931009443,95.24811601307194,95.44258333333332,95.26870098039215
1nqlA03,42,kmeans,0.7611111111111111,0.7777777777777778,0.8665032679738562,0.8415032679738562,0.8472222222222223,95.32553594771247,95.46317320261437,95.16659477124183,0.7439542483660131,0.7620915032679738,0.8602033405954976,0.8228758169934641,0.7882716049382718,95.23984313725492,95.42918464052286,95.2094232026144
1nqlA03,123,random,0.7415032679738562,0.7941176470588236,0.8660130718954248,0.8112745098039216,0.8140522875816995,95.25050000000002,95.48379411764708,95.1956405228758,0.7552287581699347,0.7769607843137256,0.8438997821350763,0.8047930283224402,0.7953885257806826,95.24388725490196,95.43900980392158,94.99885947712417
1nqlA03,123,kmeans,0.7941176470588236,0.7794117647058824,0.8068627450980392,0.8442810457516339,0.8029411764705883,95.18030718954246,95.45597058823527,95.36676470588233,0.7785947712418301,0.759640522875817,0.8122730573710965,0.8445170660856934,0.7808278867102396,95.22890359477121,95.42358660130718,95.16743627450981
1nqlA03,7,random,0.7820261437908497,0.7960784313725491,0.8442810457516339,0.8130718954248366,0.813562091503268,95.26815032679738,95.47858823529414,95.248160130719,0.7756535947712418,0.7799019607843137,0.8694262890341321,0.8100944081336239,0.8331154684095861,95.22675653594773,95.4322777777778,95.19723202614378
1nqlA03,7,kmeans,0.7039215686274509,0.7937908496732027,0.9339869281045752,0.8122549019607843,0.865032679738562,95.2493431372549,95.47878758169931,95.21743790849672,0.7117647058823529,0.7795751633986928,0.9171387073347858,0.8205882352941175,0.8059186637618011,95.2585620915033,95.43652450980393,95.23533169934645
1nqlA03,2024,random,0.8901960784313726,0.8156862745098039,0.8928104575163399,0.8032679738562092,0.8187908496732026,95.29649019607841,95.49346078431373,95.21910784313722,0.8679738562091502,0.8243464052287581,0.84480755265069,0.8004357298474944,0.7876180101670299,95.2828676470588,95.44289052287583,95.2112026143791
1nqlA03,2024,kmeans,0.7477124183006536,0.7937908496732027,0.8573529411764704,0.8122549019607843,0.8045751633986928,95.25141176470592,95.47878758169931,95.25114052287583,0.746078431372549,0.7648692810457517,0.8665214233841686,0.8247639796659407,0.8402323892519971,95.16611764705883,95.43974019607842,95.2508937908497
1nqlA03,31337,random,0.8290849673202615,0.7859477124183007,0.8125816993464052,0.8062091503267975,0.7866013071895425,95.05715686274509,95.43893137254899,95.20601633986925,0.8235294117647058,0.7825163398692812,0.817683369644154,0.8067538126361654,0.8360929557007989,95.11081045751635,95.40205228758168,95.28650163398693
1nqlA03,31337,kmeans,0.7290849673202615,0.7777777777777778,0.8679738562091502,0.8415032679738562,0.8122549019607843,95.17357189542489,95.46317320261437,95.11109803921572,0.7174836601307191,0.7625816993464053,0.8978576615831517,0.8241466957153233,0.836492374727669,95.14443300653598,95.42669934640523,95.15576797385621
1ogmX01,42,random,0.9367132867132867,0.9353146853146853,0.9337412587412588,0.9295454545454545,0.7961538461538462,96.98844055944059,97.22987412587415,96.8927762237762,0.9332167832167831,0.9208041958041958,0.9318181818181819,0.8990287490287491,0.7991841491841494,97.03305944055947,97.187006993007,96.82358566433564
1ogmX01,42,kmeans,0.9353146853146853,0.9045454545454545,0.933041958041958,0.8795454545454545,0.7947552447552446,96.93689510489511,97.26246503496509,96.94283566433569,0.9311188811188812,0.9038461538461539,0.931041181041181,0.8832556332556332,0.8048951048951051,97.03608916083918,97.21629370629373,96.90502972027974
1ogmX01,123,random,0.9328671328671329,0.9356643356643357,0.9246503496503496,0.9332167832167831,0.7772727272727272,96.91799300699299,97.24852447552452,96.89567832167833,0.9305944055944056,0.920979020979021,0.9275058275058274,0.9040015540015541,0.7793317793317792,96.97691783216783,97.19312762237766,96.74128671328674
1ogmX01,123,kmeans,0.8349650349650348,0.8188811188811188,0.8526223776223777,0.877972027972028,0.78513986013986,96.84860839160842,97.27155944055946,96.82961188811188,0.8122377622377621,0.8106643356643357,0.8861693861693863,0.9062160062160062,0.7813131313131313,96.93365034965035,97.23265734265738,96.80160489510493
1ogmX01,7,random,0.9346153846153846,0.9265734265734267,0.934965034965035,0.9337412587412587,0.7818181818181819,96.94287062937065,97.24633216783218,96.72482167832169,0.9344405594405595,0.9001748251748252,0.9339549339549342,0.8848096348096349,0.7796037296037296,96.99740909090912,97.2033618881119,96.78702972027972
1ogmX01,7,kmeans,0.9265734265734267,0.9020979020979022,0.9277972027972028,0.877972027972028,0.8840909090909091,97.04523076923078,97.27155944055946,96.96354895104902,0.9265734265734267,0.915034965034965,0.9304195804195806,0.9062160062160062,0.7738927738927738,97.04527272727273,97.23265734265738,96.76114860139862
1ogmX01,2024,random,0.9332167832167831,0.9377622377622379,0.9304195804195803,0.9323426573426573,0.7704545454545454,97.05872027972029,97.23524475524478,96.5516328671329,0.933041958041958,0.922027972027972,0.93010878010878,0.8995726495726495,0.7942113442113441,96.99301923076924,97.18969230769233,96.78777097902102
1ogmX01,2024,kmeans,0.9332167832167834,0.9045454545454545,0.9291958041958042,0.8795454545454545,0.7823426573426574,97.00949300699303,97.26246503496509,96.70953146853148,0.9318181818181819,0.9167832167832168,0.9287101787101787,0.9038073038073037,0.7963869463869464,97.0026765734266,97.21795104895108,96.79067832167833
1ogmX01,31337,random,0.926923076923077,0.8996503496503496,0.926923076923077,0.877972027972028,0.8013986013986013,97.05086363636364,97.25850349650351,96.75490209790216,0.926048951048951,0.9134615384615385,0.9262626262626262,0.9019036519036517,0.8245143745143744,97.0166520979021,97.20796503496506,96.90806118881119
1ogmX01,31337,kmeans,0.7954545454545454,0.7975524475524476,0.9216783216783219,0.9337412587412587,0.7639860139860141,97.08960839160841,97.25938811188813,96.75320629370636,0.7945804195804195,0.7980769230769231,0.9245143745143747,0.9311188811188812,0.8043123543123544,97.0711188811189,97.20819230769231,96.81770804195806
1ohgC01,42,random,0.9274021352313166,0.9181494661921707,0.9366548042704625,0.9238434163701067,0.80711743772242,95.96879003558718,96.12539501779358,95.64738790035587,0.9234875444839858,0.9188612099644129,0.9300909450375643,0.9248714907077898,0.7958086200079083,96.00710320284696,96.096512455516,95.56145195729538
1ohgC01,42,kmeans,0.9209964412811388,0.9302491103202847,0.9274021352313169,0.9291814946619216,0.7761565836298934,96.06162277580071,96.1875516014235,95.78251957295376,0.9256227758007117,0.9266903914590747,0.9249505733491499,0.9263740608936339,0.803875049426651,96.02570818505338,96.1443024911032,95.57489323843416
1ohgC01,123,random,0.9373665480427047,0.9259786476868328,0.9380782918149466,0.9291814946619216,0.7679715302491104,96.08059786476866,96.1875516014235,95.55490391459077,0.9313167259786477,0.9252669039145909,0.9272439699485963,0.9266903914590748,0.7848161328588372,96.00198576512454,96.14559786476869,95.35353380782917
1ohgC01,123,kmeans,0.9302491103202847,0.9302491103202847,0.9256227758007116,0.9291814946619216,0.7540925266903915,96.0646049822064,96.1875516014235,95.45170106761567,0.9249110320284698,0.9266903914590747,0.924713325425069,0.9263740608936339,0.8051403716884145,96.02589323843415,96.1443024911032,95.74259786476867
1ohgC01,7,random,0.9252669039145907,0.9231316725978648,0.9185053380782918,0.9256227758007117,0.7633451957295374,95.96929537366547,96.13594306049822,95.52279003558722,0.9227758007117439,0.9224199288256228,0.9247924080664297,0.9257413997627518,0.7752471332542508,95.99247330960854,96.10722775800711,95.54192170818507
1ohgC01,7,kmeans,0.9274021352313169,0.9302491103202847,0.9298932384341636,0.9291814946619216,0.7871886120996441,96.01312455516013,96.1875516014235,95.403487544484,0.9274021352313169,0.9266903914590747,0.927402135231317,0.9263740608936339,0.8276789244760775,96.05483985765126,96.1443024911032,95.63119928825623
1ohgC01,2024,random,0.9345195729537366,0.9423487544483985,0.9298932384341636,0.9256227758007117,0.7733096085409252,96.07548754448399,96.18004270462635,95.35757295373665,0.9302491103202846,0.9334519572953737,0.9311981020166072,0.9232898378805855,0.7904310003954134,96.04832384341634,96.13545195729537,95.51997864768686
1ohgC01,2024,kmeans,0.9366548042704625,0.9302491103202847,0.9323843416370107,0.9291814946619216,0.8395017793594306,96.01827046263342,96.1875516014235,95.65908185053381,0.9288256227758007,0.9266903914590747,0.9247133254250693,0.9263740608936339,0.7826018189007512,96.00576868327401,96.1443024911032,95.53552669039145
1ohgC01,31337,random,0.9238434163701067,0.9181494661921707,0.9259786476868328,0.9245551601423487,0.7903914590747332,95.9842918149466,96.12798576512455,95.3316227758007,0.9213523131672596,0.9213523131672599,0.9248714907077897,0.9258995650454727,0.8232502965599052,95.97351957295373,96.09916725978648,95.65973665480425
1ohgC01,31337,kmeans,0.9195729537366549,0.9302491103202847,0.9266903914590747,0.9291814946619216,0.8530249110320284,96.07140213523135,96.1875516014235,95.83248398576514,0.9252669039145907,0.9266903914590747,0.9262949782522737,0.9263740608936339,0.8190589165678135,96.065487544484,96.1443024911032,95.78508896797155
1qmbB00,42,random,0.7392638036809817,0.7368098159509202,0.8751533742331288,0.8717791411042946,0.7708588957055215,96.36376687116562,96.39036809815948,96.3348773006135,0.7484662576687117,0.7389570552147239,0.850988411724608,0.8683708248125427,0.776346284935242,96.36270552147239,96.37703680981593,96.29072392638038
1qmbB00,42,kmeans,0.8478527607361963,0.8233128834355827,0.8095092024539877,0.8067484662576687,0.7849693251533743,96.29439877300617,96.39308588957053,96.30323926380373,0.8634969325153374,0.8423312883435582,0.8417177914110429,0.8259713701431494,0.767280163599182,96.32270552147239,96.38212269938649,96.30178220858895
1qmbB00,123,random,0.7730061349693251,0.7797546012269938,0.8125766871165645,0.8202453987730062,0.7503067484662577,96.30265030674843,96.3923251533742,96.32152147239262,0.7849693251533743,0.7717791411042945,0.7915473755964554,0.8408997955010225,0.7605998636673484,96.32378834355828,96.37978527607359,96.28700306748465
1qmbB00,123,kmeans,0.6938650306748466,0.7570552147239263,0.7843558282208589,0.8315950920245399,0.8104294478527608,96.27950306748471,96.39190184049077,96.28123312883436,0.6898773006134971,0.744478527607362,0.8104976141785958,0.8478527607361964,0.7602590320381731,96.2849202453988,96.37805214723925,96.28721165644171
1qmbB00,7,random,0.8840490797546012,0.838036809815951,0.8782208588957057,0.7837423312883436,0.754601226993865,96.32893251533741,96.38355828220857,96.26664417177913,0.8791411042944783,0.8561349693251534,0.8717109747784594,0.8250170415814588,0.7588957055214723,96.32725153374233,96.37396625766868,96.27708588957056
1qmbB00,7,kmeans,0.7282208588957055,0.7570552147239263,0.8677914110429448,0.8315950920245399,0.7506134969325153,96.31498159509196,96.39190184049077,96.25705521472393,0.746319018404908,0.7484662576687116,0.8503067484662574,0.8486707566462169,0.7796182685753237,96.30696932515335,96.37569631901837,96.31690490797546
1qmbB00,2024,random,0.8797546012269939,0.8343558282208589,0.8766871165644172,0.8067484662576687,0.748159509202454,96.35630061349693,96.39308588957053,96.24735582822085,0.8714723926380369,0.8527607361963192,0.8534423994546698,0.8268575323790047,0.7755282890252215,96.35245398773004,96.38060736196317,96.29965030674846
1qmbB00,2024,kmeans,0.7460122699386502,0.7570552147239263,0.8187116564417177,0.8315950920245399,0.7279141104294479,96.31283435582822,96.39190184049077,96.27074846625767,0.7475460122699387,0.750920245398773,0.8152010906612134,0.8500340831629177,0.8678936605316974,96.30791411042944,96.3794233128834,96.30684049079753
1qmbB00,31337,random,0.7515337423312883,0.7570552147239263,0.8819018404907976,0.8315950920245399,0.7923312883435583,96.3610674846626,96.39190184049077,96.34266257668709,0.7638036809815951,0.7466257668711657,0.8062031356509881,0.8480572597137014,0.8112474437627811,96.3101717791411,96.37908895705519,96.31990184049081
1qmbB00,31337,kmeans,0.7509202453987731,0.7570552147239263,0.8917177914110429,0.8315950920245399,0.7714723926380368,96.32603067484663,96.39190184049077,96.29917177914106,0.7426380368098161,0.744478527607362,0.8442399454669393,0.8462167689161553,0.8072256305385139,96.32647852760736,96.3778834355828,96.29187116564414
2vvrB00,42,random,0.8299319727891156,0.8353741496598639,0.8993197278911564,0.8959183673469389,0.8510204081632653,96.6912789115646,96.72130612244896,96.6679863945578,0.8537414965986395,0.846938775510204,0.8643990929705214,0.8607709750566894,0.8408163265306123,96.68457823129248,96.71187755102036,96.65176870748296
2vvrB00,42,kmeans,0.9278911564625851,0.9238095238095239,0.9081632653061223,0.8959183673469389,0.8299319727891158,96.69542857142855,96.72130612244896,96.6679319727891,0.9204081632653063,0.9034013605442176,0.9009826152683295,0.8651549508692364,0.8583522297808014,96.67872789115644,96.71259863945575,96.64451700680269
2vvrB00,123,random,0.8789115646258503,0.858503401360544,0.9122448979591837,0.9136054421768707,0.84421768707483,96.68648979591835,96.71734693877549,96.64463945578234,0.8482993197278912,0.834013605442177,0.8572940287226002,0.8737717309145877,0.8367346938775508,96.67435374149659,96.70956462585032,96.65582312925169
2vvrB00,123,kmeans,0.9061224489795918,0.8938775510204081,0.9006802721088434,0.8959183673469389,0.8653061224489796,96.6701088435374,96.72130612244896,96.65302040816327,0.907482993197279,0.8768707482993199,0.892063492063492,0.8660619803476944,0.8439909297052155,96.67232653061222,96.71097278911562,96.64406802721089
2vvrB00,7,random,0.8993197278911564,0.8857142857142858,0.9122448979591837,0.8442176870748298,0.8353741496598641,96.6539863945578,96.71831292517004,96.64967346938775,0.9068027210884354,0.8857142857142858,0.9017384731670445,0.8545729402872259,0.8477702191987908,96.66575510204079,96.70812244897957,96.63207482993195
2vvrB00,7,kmeans,0.8693877551020408,0.907482993197279,0.8387755102040815,0.8891156462585034,0.8700680272108844,96.6740952380952,96.71895238095235,96.63978231292518,0.883673469387755,0.8959183673469389,0.8674225245653817,0.8668178382464095,0.8396069538926682,96.67655102040814,96.71048979591833,96.66214285714284
2vvrB00,2024,random,0.8748299319727891,0.8965986394557823,0.8414965986394558,0.8945578231292517,0.8387755102040817,96.67458503401357,96.72073469387752,96.63103401360543,0.8931972789115645,0.8877551020408163,0.8772486772486771,0.8686318972033255,0.8482237339380198,96.67019727891154,96.71138095238092,96.64711564625848
2vvrB00,2024,kmeans,0.9333333333333332,0.9238095238095239,0.9176870748299321,0.8959183673469389,0.8360544217687075,96.65961904761903,96.72130612244896,96.63725170068028,0.9306122448979591,0.9034013605442176,0.9111111111111113,0.8651549508692364,0.8430839002267575,96.66797278911562,96.71259863945575,96.6248095238095
2vvrB00,31337,random,0.8653061224489796,0.8598639455782312,0.9020408163265307,0.9129251700680273,0.845578231292517,96.66465306122447,96.71729251700678,96.6794557823129,0.8394557823129253,0.8319727891156463,0.8665154950869235,0.8693877551020408,0.8687830687830688,96.66402040816327,96.7086326530612,96.66457823129251
2vvrB00,31337,kmeans,0.8911564625850341,0.8979591836734693,0.9115646258503401,0.8938775510204081,0.8244897959183672,96.6790340136054,96.71493877551018,96.61020408163263,0.8850340136054422,0.8877551020408163,0.887377173091459,0.8778533635676493,0.8402116402116402,96.6612244897959,96.70656462585032,96.63770748299319
2wejA00,42,random,0.92015503875969,0.9217054263565891,0.9248062015503876,0.912403100775194,0.8337209302325581,97.81275193798442,97.86291472868209,97.64393798449609,0.9248062015503876,0.9279069767441861,0.9275624461670975,0.9189491817398794,0.8372093023255813,97.79082170542628,97.84733720930227,97.63567054263564
2wejA00,42,kmeans,0.9224806201550388,0.924031007751938,0.9186046511627909,0.9205426356589148,0.8589147286821704,97.78512403100768,97.86194573643402,97.72666666666665,0.9197674418604652,0.9317829457364342,0.9160206718346254,0.9282515073212749,0.83161068044789,97.79971317829451,97.84682945736428,97.628980620155
2wejA00,123,random,0.9286821705426357,0.9170542635658915,0.930232558139535,0.9158914728682171,0.8182170542635658,97.80427906976738,97.86175193798442,97.59883720930229,0.9263565891472869,0.92015503875969,0.9256675279931094,0.9224806201550388,0.8262704565030148,97.81381782945729,97.85135271317822,97.5970310077519
2wejA00,123,kmeans,0.9325581395348838,0.924031007751938,0.9356589147286822,0.9205426356589148,0.819767441860465,97.79782170542629,97.86194573643402,97.60824031007749,0.9255813953488372,0.9306201550387596,0.9293712316968132,0.9258397932816539,0.8160206718346255,97.79817441860459,97.84919379844953,97.6477751937984
2wejA00,7,random,0.913953488372093,0.9100775193798449,0.9337209302325583,0.9155038759689923,0.8325581395348836,97.77087596899221,97.84894573643403,97.65513178294569,0.913953488372093,0.9178294573643411,0.9243755383290266,0.924461670973299,0.8151593453919034,97.7763759689922,97.8373720930232,97.63354263565887
2wejA00,7,kmeans,0.9193798449612404,0.9069767441860466,0.9267441860465115,0.9209302325581395,0.8232558139534885,97.79526356589142,97.86422480620148,97.59076744186044,0.9205426356589147,0.9104651162790699,0.922997416020672,0.9249784668389318,0.8442721791559002,97.79924031007745,97.85065116279063,97.68762015503872
2wejA00,2024,random,0.9178294573643411,0.9155038759689923,0.9294573643410853,0.9197674418604652,0.8213178294573643,97.79197674418597,97.85706976744177,97.59225581395347,0.9151162790697676,0.9205426356589148,0.9255813953488374,0.9250645994832041,0.8360895779500432,97.78217054263561,97.84429457364334,97.63805426356586
2wejA00,2024,kmeans,0.9255813953488372,0.924031007751938,0.9251937984496124,0.912403100775194,0.8306201550387596,97.79500775193792,97.86327906976737,97.6793178294573,0.9228682170542635,0.9275193798449612,0.9203273040482344,0.9211886304909561,0.8156761412575366,97.79206201550383,97.85017829457357,97.6995891472868
2wejA00,31337,random,0.9317829457364342,0.924031007751938,0.9321705426356589,0.912403100775194,0.8406976744186047,97.7811782945736,97.86327906976737,97.67934108527126,0.9279069767441861,0.9232558139534884,0.9274763135228251,0.9181739879414298,0.8463393626184321,97.7730348837209,97.84275968992242,97.71887209302321
2wejA00,31337,kmeans,0.9263565891472869,0.924031007751938,0.9279069767441861,0.912403100775194,0.8375968992248062,97.79090697674413,97.86327906976737,97.62089147286817,0.9267441860465115,0.9275193798449612,0.9258397932816539,0.9211886304909561,0.8393626184323858,97.79168217054257,97.85017829457357,97.63030232558138
2x62B00,42,random,0.9386454183266932,0.898804780876494,0.9450199203187253,0.8733067729083664,0.8306772908366533,95.77650996015936,96.23488446215137,94.43185657370518,0.9302788844621513,0.9011952191235059,0.9225320938468348,0.8759628154050465,0.8207171314741036,95.5607888446215,96.03380079681274,94.60116334661353
2x62B00,42,kmeans,0.9458167330677292,0.9011952191235061,0.9386454183266931,0.8645418326693228,0.8270916334661355,95.48868525896414,96.44838247011951,94.41532270916336,0.9406374501992032,0.9023904382470119,0.940681717574148,0.874015050907481,0.8509074811863654,95.37629880478087,96.23610756972109,94.60492430278887
2x62B00,123,random,0.9402390438247012,0.8645418326693226,0.9466135458167331,0.8227091633466135,0.8103585657370518,95.38132270916334,96.32396015936251,94.57788844621511,0.9382470119521912,0.8992031872509958,0.9430721558211597,0.8678176184152278,0.810181496237273,95.25158964143426,96.09403187250993,94.19585258964142
2x62B00,123,kmeans,0.9466135458167331,0.9011952191235061,0.9478087649402391,0.8645418326693228,0.8083665338645419,95.29733864541831,96.44838247011951,94.83631872509959,0.9418326693227093,0.9023904382470119,0.9439575033200532,0.874015050907481,0.824524125719345,95.38174103585658,96.23610756972109,94.21666533864543
2x62B00,7,random,0.751394422310757,0.7673306772908367,0.9422310756972113,0.8649402390438248,0.8095617529880478,95.79405577689242,96.3496414342629,94.26157768924303,0.752589641434263,0.7589641434262948,0.9416555998229303,0.9054448871181939,0.8094732182381583,95.61112350597607,96.13788844621511,94.4446892430279
2x62B00,7,kmeans,0.7721115537848606,0.7808764940239044,0.9446215139442231,0.8645418326693228,0.797609561752988,95.47325896414347,96.44838247011951,93.89060557768921,0.7673306772908367,0.7796812749003984,0.9415670650730411,0.8727755644090304,0.8228419654714475,95.34747808764945,96.23773705179279,95.59025099601595
2x62B00,2024,random,0.756175298804781,0.7641434262948208,0.9402390438247012,0.8653386454183266,0.7892430278884462,95.33001593625497,96.32325896414338,93.78631872509956,0.7537848605577689,0.7581673306772909,0.9388224878264719,0.9052678176184152,0.81983178397521,95.27821513944224,96.10156573705179,93.90309561752987
2x62B00,2024,kmeans,0.9490039840637451,0.9011952191235059,0.952191235059761,0.8625498007968128,0.8370517928286851,95.53084462151396,96.34127490039837,94.41380876494028,0.946613545816733,0.9039840637450199,0.9453740593182824,0.8747233289065955,0.827268702965914,95.43956175298806,96.15854581673302,94.40905976095618
2x62B00,31337,random,0.9474103585657371,0.9107569721115538,0.9422310756972113,0.8645418326693228,0.8163346613545815,95.18685258964145,96.44838247011951,94.48640637450197,0.9398406374501992,0.9087649402390439,0.9387339530765827,0.8723328906595839,0.8463922089420096,95.41782868525897,96.22682868525894,94.49539043824703
2x62B00,31337,kmeans,0.7649402390438247,0.7808764940239044,0.942629482071713,0.8645418326693228,0.8613545816733067,95.37415936254979,96.44838247011951,94.55850199203185,0.7665338645418327,0.7796812749003984,0.9408587870739265,0.8727755644090304,0.8440017706949976,95.18306772908367,96.23773705179279,94.55893625498005
3ab2G02,42,random,0.8818652849740933,0.8937823834196891,0.8911917098445595,0.8880829015544041,0.8619170984455959,95.73748704663213,95.87590673575133,95.68509844559586,0.8777202072538859,0.8922279792746114,0.8949913644214164,0.888831318364997,0.8534254461715602,95.76051813471503,95.85606476683941,95.72269170984454
3ab2G02,42,kmeans,0.8575129533678757,0.8808290155440414,0.9510362694300518,0.8601036269430052,0.8740932642487046,95.70161658031085,95.88751813471511,95.71275647668394,0.8598445595854921,0.8823834196891193,0.9525043177892919,0.8712723085780081,0.8432354634427174,95.71743005181347,95.8698704663213,95.73697409326424
3ab2G02,123,random,0.8487046632124352,0.8839378238341971,0.9435233160621761,0.8660621761658032,0.8386010362694301,95.74463212435231,95.87219689119175,95.65165803108809,0.8528497409326425,0.8860103626943004,0.9491076568796777,0.8733448474381119,0.8491076568796776,95.75691191709845,95.84852590673577,95.70363730569947
3ab2G02,123,kmeans,0.9601036269430052,0.8870466321243523,0.9541450777202073,0.8564766839378238,0.8756476683937823,95.76330051813476,95.88530051813477,95.6131191709845,0.9577720207253886,0.8883419689119171,0.9511226252158896,0.8718480138169258,0.8777777777777778,95.75709844559589,95.86721761658036,95.68886269430051
3ab2G02,7,random,0.9430051813471504,0.8994818652849741,0.9227979274611398,0.8883419689119171,0.8404145077720209,95.78502072538863,95.88223316062181,95.65204663212435,0.9453367875647668,0.8976683937823834,0.9393206678180773,0.89217040875072,0.8378814047207832,95.76975906735754,95.86186528497414,95.67652849740934
3ab2G02,7,kmeans,0.8554404145077721,0.8870466321243523,0.9481865284974094,0.8551813471502591,0.8313471502590675,95.77036269430056,95.87437823834203,95.7034248704663,0.8588082901554402,0.8854922279792745,0.950259067357513,0.8747841105354057,0.849798503166379,95.74216580310885,95.86392227979279,95.69038601036269
3ab2G02,2024,random,0.8559585492227979,0.8772020725388601,0.9510362694300518,0.8601036269430052,0.8323834196891191,95.72455958549224,95.88751813471511,95.66106735751296,0.8549222797927459,0.877979274611399,0.9518134715025905,0.8722510074841681,0.8489349453080025,95.73582642487048,95.86862176165808,95.75488341968912
3ab2G02,2024,kmeans,0.8471502590673575,0.8953367875647669,0.9463730569948187,0.8880829015544041,0.8935233160621762,95.73859067357512,95.88055440414514,95.82452849740932,0.8518134715025907,0.8932642487046631,0.9486470926885434,0.8857800805987337,0.8528497409326424,95.74021243523316,95.8628082901555,95.71341450777206
3ab2G02,31337,random,0.8979274611398964,0.8772020725388601,0.8857512953367875,0.8601036269430052,0.8497409326424871,95.67386010362695,95.88751813471511,95.70020725388602,0.8940414507772021,0.8738341968911916,0.8845710995970063,0.8736902705814624,0.8649971214738055,95.69505181347154,95.86581088082906,95.72376943005183
3ab2G02,31337,kmeans,0.878238341968912,0.8808290155440414,0.8865284974093264,0.8582901554404145,0.8233160621761657,95.77888082901555,95.88368911917107,95.76264248704665,0.8665803108808291,0.883678756476684,0.9140472078295915,0.8746689694876224,0.8867012089810018,95.75618911917097,95.86667875647672,95.7305077720207
3ablS00,42,random,0.8654970760233918,0.8807017543859649,0.977972709551657,0.9183235867446393,0.9079922027290449,96.17410136452243,96.22343859649123,96.1110955165692,0.8651072124756334,0.8723196881091617,0.97422568767598,0.9410439679445527,0.9132770197097682,96.17584015594544,96.21766861598441,96.0929493177388
3ablS00,42,kmeans,0.8682261208576998,0.8814814814814815,0.9676413255360622,0.939571150097466,0.902729044834308,96.17311890838208,96.229216374269,96.15349707602334,0.8676413255360623,0.8750487329434697,0.968507688975525,0.9423868312757201,0.9253194715183017,96.17618323586746,96.22109161793371,96.13025925925925
3ablS00,123,random,0.9688109161793372,0.9333333333333333,0.971345029239766,0.91364522417154,0.9079922027290447,96.17883820662769,96.2256023391813,96.1045730994152,0.9703703703703702,0.9378167641325537,0.9705003248862896,0.9164825644357809,0.9112410656270302,96.18070565302146,96.21871150097466,96.13706237816766
3ablS00,123,kmeans,0.8639376218323586,0.8775828460038986,0.9729044834307992,0.9403508771929824,0.8914230019493177,96.16795321637429,96.22627290448342,96.0945653021442,0.8643274853801168,0.8756335282651071,0.9708468702620747,0.9356725146198832,0.9069525666016891,96.16982651072126,96.21864327485379,96.16059064327484
3ablS00,7,random,0.8643274853801168,0.8908382066276802,0.9742690058479531,0.9171539961013645,0.9005847953216375,96.10388693957114,96.22750877192982,96.0909902534113,0.8641325536062376,0.8797270955165691,0.9725795971410005,0.9293913796837773,0.9056530214424949,96.1189395711501,96.22023781676413,96.12502534113062
3ablS00,7,kmeans,0.964522417153996,0.9450292397660819,0.9703703703703702,0.9327485380116958,0.9077972709551657,96.16857699805068,96.23192592592594,96.08208187134503,0.9672514619883043,0.9335282651072123,0.9688975525232832,0.9198613818496856,0.9264024258176303,96.16499999999999,96.22387524366471,96.11628460038987
3ablS00,2024,random,0.8654970760233918,0.8814814814814815,0.9692007797270955,0.9391812865497075,0.9066276803118909,96.15533723196882,96.22778557504873,96.12907602339179,0.86588693957115,0.8783625730994151,0.9714100064977256,0.9378817413905132,0.9142300194931772,96.14930019493178,96.22045029239766,96.1214463937622
3ablS00,2024,kmeans,0.8674463937621832,0.8674463937621832,0.9725146198830409,0.9760233918128653,0.9046783625730994,96.10509941520466,96.22734892787525,96.11522027290442,0.8662768031189083,0.8762183235867447,0.972449642625081,0.9335066060212263,0.9144032921810697,96.14751656920077,96.21856530214424,96.10434307992197
3ablS00,31337,random,0.9719298245614034,0.9200779727095515,0.9756335282651071,0.898635477582846,0.9111111111111109,96.14648343079924,96.2198245614035,96.13926705653016,0.9703703703703702,0.935672514619883,0.9713666883257525,0.9145332466969893,0.9277452891487977,96.17294152046784,96.21583625730992,96.11458674463938
3ablS00,31337,kmeans,0.9680311890838207,0.9450292397660819,0.9678362573099415,0.9327485380116958,0.9074074074074074,96.2138869395711,96.23192592592594,96.04553216374266,0.9668615984405458,0.9335282651072123,0.9670348711284384,0.9198613818496856,0.9389646956898415,96.17579727095514,96.22387524366471,96.13255360623779
3asnY00,42,random,0.8955165692007798,0.9005847953216375,0.9064327485380117,0.8959064327485381,0.9169590643274853,96.18225341130606,96.23952046783626,96.12911111111111,0.8908382066276802,0.9011695906432748,0.9250162443144898,0.9057396577864413,0.9116742473467618,96.14456335282654,96.232134502924,96.16377972709554
3asnY00,42,kmeans,0.9571150097465886,0.9079922027290447,0.9339181286549707,0.8937621832358674,0.8972709551656921,96.18886549707602,96.24500584795322,96.07539961013643,0.933138401559454,0.915204678362573,0.9114143383149232,0.9043967944552738,0.908988520684427,96.16105458089672,96.23416179337232,96.14373099415205
3asnY00,123,random,0.935672514619883,0.904093567251462,0.9393762183235868,0.8941520467836257,0.9005847953216375,96.18935672514624,96.24746588693961,96.11066666666665,0.9210526315789472,0.8961013645224172,0.9134936105696337,0.9075590210093132,0.9076889755252328,96.1493703703704,96.23705263157896,96.14915204678363
3asnY00,123,kmeans,0.8764132553606239,0.901364522417154,0.9239766081871345,0.8994152046783626,0.8988304093567251,96.1691033138402,96.24387524366479,96.14263547758284,0.874074074074074,0.8992202729044834,0.9310807883907295,0.9076889755252324,0.907775611869179,96.1637270955166,96.23115399610138,96.14370760233916
3asnY00,7,random,0.916569200779727,0.904093567251462,0.9111111111111111,0.8941520467836257,0.9054580896686157,96.11192202729049,96.24746588693961,96.16012475633529,0.9155945419103313,0.908187134502924,0.9111544292830841,0.9037470218756767,0.9069525666016891,96.1229337231969,96.23747563352828,96.17312085769984
3asnY00,7,kmeans,0.922027290448343,0.9072124756335282,0.9023391812865496,0.8941520467836257,0.902534113060429,96.11063157894735,96.24746588693961,96.14141130604287,0.9138401559454191,0.8984405458089668,0.9042235217673815,0.9069525666016891,0.9084687026207492,96.13654191033139,96.23751461988306,96.15980116959064
3asnY00,2024,random,0.8884990253411307,0.8994152046783626,0.9282651072124756,0.8964912280701756,0.9064327485380115,96.18357504873298,96.23910331384015,96.18012865497076,0.8869395711500975,0.905458089668616,0.9295213341996966,0.9047433398310589,0.9076889755252325,96.13798245614036,96.2322261208577,96.1681754385965
3asnY00,2024,kmeans,0.9680311890838207,0.9107212475633528,0.971345029239766,0.8972709551656919,0.9214424951267055,96.19676803118911,96.24191812865502,96.16364912280702,0.9699805068226119,0.9167641325536063,0.9698505523066925,0.9063027940220918,0.9079055663850981,96.17397270955166,96.23056530214426,96.14872124756337
3asnY00,31337,random,0.908382066276803,0.9005847953216375,0.9072124756335282,0.8959064327485381,0.9169590643274853,96.10093957115008,96.23952046783626,96.13396881091619,0.9019493177387915,0.9038986354775828,0.9102014294996748,0.9059129304743336,0.9230236084037251,96.11401364522416,96.23075438596493,96.16406822612086
3asnY00,31337,kmeans,0.8998050682261208,0.8900584795321637,0.9031189083820663,0.902729044834308,0.9368421052631577,96.14949707602341,96.24745419103316,96.12402339181288,0.8861598440545808,0.902534113060429,0.9227636993718864,0.90296729478016,0.9205111544292828,96.14045224171541,96.23682651072126,96.1582358674464
3b5mC01,42,random,0.7762886597938145,0.7752577319587628,0.8231958762886598,0.8278350515463918,0.8355670103092784,96.5741237113402,96.74521649484538,96.50565979381447,0.7809278350515464,0.78659793814433,0.825773195876289,0.8234822451317295,0.8350515463917525,96.5808969072165,96.7148556701031,96.52425257731957
3b5mC01,42,kmeans,0.8690721649484537,0.8164948453608247,0.8515463917525773,0.8,0.9092783505154639,96.6070618556701,96.75335051546392,96.55205154639177,0.8634020618556703,0.8262886597938145,0.8542955326460482,0.8182130584192439,0.8410080183276061,96.64881958762888,96.71900000000002,96.50735051546394
3b5mC01,123,random,0.8463917525773195,0.820618556701031,0.8278350515463917,0.8139175257731959,0.8149484536082474,96.58171134020623,96.73810309278352,96.4712371134021,0.8484536082474229,0.8247422680412372,0.8302405498281787,0.8201603665521192,0.8246277205040092,96.59197422680414,96.70715463917527,96.57803608247421
3b5mC01,123,kmeans,0.8628865979381443,0.8257731958762886,0.8695876288659795,0.802577319587629,0.8056701030927835,96.61404123711341,96.72586597938145,96.51479381443299,0.8628865979381443,0.8376288659793814,0.8579610538373426,0.8148911798396333,0.8359679266895761,96.62195360824744,96.70425257731961,96.50328865979382
3b5mC01,7,random,0.8072164948453608,0.7927835051546392,0.8231958762886598,0.8175257731958763,0.8056701030927835,96.57412371134022,96.7479381443299,96.48843298969074,0.8108247422680412,0.7969072164948454,0.816036655211913,0.8387170675830469,0.82737686139748,96.5686855670103,96.70598969072165,96.53959278350517
3b5mC01,7,kmeans,0.8680412371134022,0.8164948453608247,0.8463917525773196,0.8,0.8309278350515464,96.58580412371133,96.75335051546392,96.62627835051549,0.8597938144329899,0.8278350515463917,0.8508591065292095,0.815807560137457,0.8328751431844214,96.6286443298969,96.72135051546394,96.57725773195877
3b5mC01,2024,random,0.8556701030927835,0.8134020618556701,0.8525773195876291,0.8015463917525774,0.8139175257731959,96.59806185567014,96.74564948453607,96.61430927835053,0.85,0.8231958762886599,0.8594501718213059,0.8191294387170674,0.8376861397479953,96.60410824742272,96.70574742268042,96.51124226804123
3b5mC01,2024,kmeans,0.845360824742268,0.8247422680412372,0.8525773195876288,0.8262886597938145,0.8170103092783505,96.61524742268043,96.7414845360825,96.51146391752582,0.8350515463917526,0.827319587628866,0.8465063001145474,0.8262313860252005,0.8829324169530354,96.62528350515466,96.70922680412373,96.5260051546392
3b5mC01,31337,random,0.7608247422680412,0.78659793814433,0.8262886597938144,0.8268041237113402,0.8396907216494846,96.61906185567015,96.73642268041237,96.51723711340206,0.7510309278350515,0.793298969072165,0.8387170675830469,0.8271477663230241,0.8633447880870561,96.63022680412374,96.70561855670103,96.51426804123712
3b5mC01,31337,kmeans,0.8536082474226804,0.8134020618556702,0.8536082474226806,0.8,0.8268041237113403,96.58138144329898,96.75335051546392,96.52362886597942,0.8520618556701031,0.8221649484536082,0.8523482245131728,0.8170675830469645,0.8221076746849941,96.61457216494846,96.7217319587629,96.53154123711343
3bukC01,42,random,0.9243243243243244,0.8216216216216218,0.9144144144144144,0.8,0.8207207207207207,91.28990990990992,92.74439639639638,89.4567027027027,0.9234234234234234,0.845945945945946,0.9181181181181182,0.8292292292292293,0.8312312312312315,90.87405405405406,92.4871981981982,90.59110810810814
3bukC01,42,kmeans,0.9063063063063064,0.8918918918918919,0.8891891891891893,0.863063063063063,0.8117117117117116,91.44268468468472,92.68976576576577,89.88882882882882,0.9036036036036036,0.8954954954954955,0.8722722722722722,0.8678678678678677,0.853053053053053,90.9065945945946,92.38981081081081,90.1793063063063
3bukC01,123,random,0.872072072072072,0.8054054054054053,0.8855855855855855,0.8081081081081083,0.8405405405405405,91.03645045045046,92.71825225225226,90.2523963963964,0.8792792792792794,0.8324324324324325,0.9049049049049049,0.836036036036036,0.816016016016016,91.15836036036035,92.50947747747749,89.22504504504504
3bukC01,123,kmeans,0.872072072072072,0.8378378378378377,0.8846846846846846,0.8252252252252253,0.8,90.63167567567568,92.70245045045044,89.30551351351353,0.8711711711711712,0.8513513513513514,0.886086086086086,0.8518518518518517,0.8300300300300301,90.9795945945946,92.43341441441441,90.15723423423422
3bukC01,7,random,0.7693693693693694,0.7837837837837838,0.9081081081081083,0.818918918918919,0.8261261261261261,91.15099099099102,92.78259459459458,90.83700900900902,0.7666666666666667,0.7738738738738739,0.8974974974974974,0.8502502502502504,0.8116116116116114,90.48759459459458,92.5103873873874,90.85530630630632
3bukC01,7,kmeans,0.7585585585585586,0.7837837837837838,0.9297297297297298,0.818918918918919,0.8612612612612611,90.86,92.78259459459458,91.61187387387388,0.754954954954955,0.7828828828828829,0.9161161161161161,0.8472472472472471,0.8168168168168168,91.0708018018018,92.53833333333334,89.98372972972973
3bukC01,2024,random,0.8792792792792794,0.8594594594594595,0.9522522522522522,0.8207207207207207,0.7981981981981981,91.62762162162166,92.79814414414413,89.82893693693694,0.8900900900900902,0.8567567567567569,0.914914914914915,0.8276276276276274,0.8264264264264262,91.34446846846848,92.56607207207207,90.27258558558559
3bukC01,2024,kmeans,0.745945945945946,0.7801801801801801,0.8702702702702702,0.8207207207207207,0.8018018018018017,91.11814414414413,92.79814414414413,90.36111711711708,0.7513513513513513,0.7720720720720722,0.8936936936936936,0.8496496496496497,0.8482482482482482,91.54686486486486,92.54610810810811,89.80582882882882
3bukC01,31337,random,0.9225225225225225,0.8396396396396397,0.9162162162162163,0.790990990990991,0.8162162162162161,89.85036036036034,92.76506306306305,90.20836036036039,0.9288288288288289,0.8558558558558559,0.9217217217217217,0.827027027027027,0.8294294294294292,90.80763963963963,92.49753153153154,89.57568468468469
3bukC01,31337,kmeans,0.8216216216216218,0.8702702702702702,0.8234234234234235,0.8738738738738739,0.8387387387387386,88.52724324324325,92.66904504504505,90.93482882882884,0.8324324324324325,0.8558558558558559,0.8474474474474474,0.8906906906906905,0.8374374374374373,90.11778378378378,92.31730630630632,89.87005405405405
